0.0759307,8.5,0.0100164,1.49104,2.41919,-13.8354,-1.82287,1.72982e+09
0.408167,8.5,0.0812393,1.09305,1.54556,-13.8124,-1.82955,1.72982e+09
0.780336,8.5,-0.103169,0.487471,-0.445055,-13.7561,-1.84705,1.72982e+09
1.35604,8.5,-0.156383,0.0773629,-1.82165,-13.6122,-1.88355,1.72982e+09
1.94374,8.5,-0.00257251,0.000582315,-2.36685,-13.3649,-1.8981,1.72982e+09
2.63475,8.5,-0.0456443,0.00563016,-2.29872,-12.9522,-1.91452,1.72982e+09
3.42631,8.5,0.677639,-0.0708355,-1.49524,-12.3464,-1.93263,1.72982e+09
4.29719,8.5,-0.0842897,0.00390999,0.00956458,-11.5362,-1.92024,1.72982e+09
5.20893,8.5,-0.118335,0.00373788,0.0234805,-10.489,-1.92038,1.72982e+09
6.01886,8.5,-0.180496,0.00427709,0.0558146,-9.36432,-1.91841,1.72982e+09
6.84658,8.5,-0.176053,0.00322085,0.0289718,-8.01158,-1.91624,1.72982e+09
7.74653,8.5,-0.427447,0.00617169,0.171432,-6.25837,-1.91273,1.72982e+09
8.222,8.5,-0.615427,0.00797969,0.259388,-4.65322,-1.9032,1.72982e+09
8.45896,8.5,-0.643324,0.00788728,0.249788,-2.8975,-1.89496,1.72982e+09
8.54516,8.5,-0.560757,0.00669142,0.182127,-1.11033,-1.89081,1.72982e+09
8.54619,8.5,-0.541524,0.00645188,0.15663,0.513302,-1.88577,1.72982e+09
8.53557,8.5,-0.605578,0.00726655,0.182227,2.30694,-1.88132,1.72982e+09
8.51382,8.5,-0.946629,0.0118421,0.376028,4.26809,-1.86688,1.72982e+09
8.51351,8.5,-0.766705,0.00938372,0.229465,6.14151,-1.85958,1.72982e+09
8.51777,8.5,-0.463711,0.00553576,0.0218735,7.58799,-1.85642,1.72982e+09
8.48527,8.5,-0.729943,0.00896231,0.172569,9.45889,-1.85498,1.72982e+09
8.5115,8.5,-0.550463,0.00661694,0.0321742,11.4134,-1.85176,1.72982e+09
8.50525,8.5,-0.454192,0.00543542,-0.0481099,13.3681,-1.852,1.72982e+09
8.49539,8.5,-0.405271,0.00484902,-0.0971261,14.9837,-1.85243,1.72982e+09
8.49984,8.5,-0.560164,0.00675694,-0.02246,16.7693,-1.85475,1.72982e+09
8.48945,8.5,-0.469152,0.00564039,-0.105479,18.4687,-1.85515,1.72982e+09
8.4892,8.5,-0.77967,0.00961247,0.0543674,20.2537,-1.85431,1.72982e+09
8.50701,8.5,-0.587533,0.00708889,-0.0989619,21.6134,-1.85509,1.72982e+09
8.51211,8.5,-0.579255,0.00697621,-0.129871,23.3135,-1.86106,1.72982e+09
8.49442,8.5,-0.813279,0.0100511,-0.0309343,25.0983,-1.86212,1.72982e+09
8.49039,8.5,-0.625378,0.00759792,-0.203178,26.8827,-1.86713,1.72982e+09
8.50236,5,-0.60496,0.00731693,-0.267753,28.8376,-1.87697,1.72982e+09
7.576,5,-0.721647,0.0112068,-0.207152,30.6079,-1.88466,1.72982e+09
6.59829,5,-0.419379,0.00838303,-0.458716,32.3071,-1.89498,1.72982e+09
5.73024,5,-0.157764,0.00412204,-0.665592,33.7228,-1.91194,1.72982e+09
5.30225,5,-0.128258,0.00391111,-0.698318,34.6027,-1.92279,1.72982e+09
5.03058,5,-0.190167,0.00646526,-0.659897,35.4785,-1.93291,1.72982e+09
4.90929,5,-0.180022,0.00642421,-0.70831,36.5686,-1.94653,1.72982e+09
4.87625,5,0.0542191,0.111623,-1.75253,37.5959,-1.97135,1.72982e+09
4.93199,5,0.108773,-0.00383205,-4.99865,38.7681,-2.07821,1.72982e+09
4.96712,5,-0.283102,0.00995067,-4.66388,39.8043,-2.1624,1.72982e+09
4.94992,5,-0.508431,0.907809,-4.93596,40.9948,-2.26399,1.72982e+09
4.65272,5,-0.809279,0.921912,-14.2491,42.0648,-2.50258,1.72982e+09
4.90826,5,-0.826018,1.03515,-29.8404,43.0254,-3.02786,1.72982e+09
5.01865,5,-0.858949,0.944071,-43.58,43.8139,-3.76479,1.72982e+09
4.97184,5,-0.398515,0.835851,-55.3331,44.3797,-4.57686,1.72982e+09
4.98421,8.5,-0.44414,0.625047,-68.5958,44.7747,-5.53977,1.72982e+09
5.3601,8.5,1.03383,0.328036,-79.7211,44.9606,-6.49556,1.72982e+09
6.07142,8.5,0.974038,-0.0262175,-91.4972,45.0174,-7.63549,1.72982e+09
6.81091,8.5,-0.127246,0.00234931,-90.4362,44.9856,-8.8614,1.72982e+09
7.56566,8.5,-0.644895,0.00995344,-90.106,44.9808,-10.302,1.72982e+09
8.30131,8.5,-0.780853,0.0100885,-90.0814,44.9777,-11.8914,1.72982e+09
8.57472,8.5,-0.428946,0.00504274,-90.3414,44.9722,-13.502,1.72982e+09
8.64859,8.5,-0.76115,0.00901094,-90.1628,44.9656,-15.1443,1.72982e+09
8.64175,8.5,-1.10096,0.0136676,-89.9682,44.965,-16.7013,1.72982e+09
8.57403,8.5,-0.608148,0.00723199,-90.3216,44.9567,-18.251,1.72982e+09
8.53429,8.5,-0.704334,0.00852471,-90.2835,44.9469,-19.792,1.72982e+09
8.519,8.5,-0.780991,0.00956009,-90.2646,44.9415,-21.0699,1.72982e+09
8.50981,8.5,-0.664728,0.00806457,-90.3804,44.9328,-22.6868,1.72982e+09
8.49191,8.5,-0.404962,0.00484927,-90.5686,44.9194,-24.217,1.72982e+09
8.49713,8.5,-0.738716,0.00905164,-90.4015,44.9068,-25.8308,1.72982e+09
8.48728,8.5,-0.963194,0.0121591,-90.3247,44.8966,-27.6147,1.72982e+09
8.14415,5,-0.7742,0.0104021,-90.4955,44.8837,-29.1287,1.72982e+09
7.36886,5,-0.64834,0.0105725,-90.5972,44.8695,-30.523,1.72982e+09
6.55438,5,-0.207319,0.00414452,-90.9276,44.8486,-31.9142,1.72982e+09
5.80334,5,-0.130386,0.0033179,-90.9947,44.8276,-33.1485,1.72982e+09
5.26298,5,-0.158179,0.00490233,-90.984,44.8101,-34.194,1.72982e+09
4.99472,5,-0.200724,0.00692802,-90.9713,44.7929,-35.2152,1.72982e+09
4.90763,5,-0.135946,0.00484273,-91.0696,44.7728,-36.3013,1.72982e+09
4.87973,5,-0.125308,-0.64747,-89.8022,44.7687,-37.277,1.72982e+09
4.75859,5,-0.0072558,-0.50883,-80.7379,44.9211,-38.308,1.72982e+09
4.93962,5,-0.979907,-0.165852,-68.9223,45.2803,-39.2495,1.72982e+09
5.08211,5,-0.991545,0.0453695,-63.2109,45.6793,-40.0032,1.72982e+09
4.85363,5,0.712245,-0.597004,-60.721,46.2319,-41.0224,1.72982e+09
5.00844,5,-0.128531,-0.490456,-54.7879,46.7205,-41.7022,1.72982e+09
4.99725,5,0.865163,-0.245157,-44.5914,47.484,-42.4774,1.72982e+09
5.03883,5,0.803791,-0.805188,-34.1859,48.3548,-43.0785,1.72982e+09
4.88963,5,0.952838,-0.615226,-22.109,49.309,-43.4828,1.72982e+09
4.95165,5,0.706914,-0.288675,-9.91185,50.3786,-43.681,1.72982e+09
5.63791,8.5,-1.01495,0.033964,-0.179006,51.4754,-43.6897,1.72982e+09
6.50254,8.5,-0.947037,0.0214521,-0.513492,52.8107,-43.6925,1.72982e+09
7.20118,8.5,-0.488453,0.0082182,-0.979829,54.0443,-43.7241,1.72982e+09
7.98151,8.5,-0.61132,0.00842163,-0.934604,55.6393,-43.7595,1.72982e+09
8.52088,8.5,-0.552261,0.00662449,-1.00854,57.5514,-43.7948,1.72982e+09
8.61148,8.5,-0.5901,0.0069458,-0.999975,59.3529,-43.8281,1.72982e+09
8.60367,8.5,-0.936435,0.0114392,-0.797688,61.3349,-43.8569,1.72982e+09
8.56844,8.5,-1.02176,0.0127507,-0.760367,63.1393,-43.8812,1.72982e+09
8.55359,8.5,-0.828375,0.0101074,-0.91591,65.0224,-43.9118,1.72982e+09
8.51101,8.5,-0.79722,0.009795,-0.953229,66.7286,-43.9413,1.72982e+09
8.49605,8.5,-0.700667,0.00855642,-1.03436,68.3454,-43.97,1.72982e+09
8.50079,8.5,-0.688709,0.00839152,-1.05919,69.791,-43.9965,1.72982e+09
8.50333,8.5,-0.701769,0.00855561,-1.06908,71.1512,-44.0208,1.72982e+09
8.52876,8.5,-0.803227,0.00983247,-1.02659,72.7664,-44.0504,1.72982e+09
8.50086,8.5,-0.957788,0.01204,-0.951644,74.3805,-44.0755,1.72982e+09
8.48544,8.5,-0.800761,0.00990439,-1.08478,75.9943,-44.106,1.72982e+09
8.49295,8.5,-0.880814,0.0109786,-1.05754,77.5241,-44.1354,1.72982e+09
8.49776,8.5,-0.905388,0.0113075,-1.07537,78.9679,-44.1602,1.72982e+09
8.5154,8.5,-0.747161,0.00912211,-1.20383,80.4123,-44.1926,1.72982e+09
8.49975,8.5,-0.58211,0.0070329,-1.33106,82.1119,-44.2329,1.72982e+09
8.49986,8.5,-0.512626,0.0061639,-1.3963,83.5575,-44.2671,1.72982e+09
8.5165,8.5,-0.866656,0.0107201,-1.20631,85.1723,-44.3022,1.72982e+09
8.50778,8.5,-0.852435,0.0105486,-1.25439,86.6166,-44.3336,1.72982e+09
8.50787,8.5,-0.513468,0.00616255,-1.502,88.0612,-44.3699,1.72982e+09
8.48989,8.5,-0.806627,0.00997254,-1.35241,89.5054,-44.4051,1.72982e+09
8.49086,8.5,-0.819083,0.0101384,-1.3953,91.0345,-44.442,1.72982e+09
8.52289,8.5,-0.679158,0.00822396,-1.53979,92.7343,-44.4876,1.72982e+09
8.49663,8.5,-0.505937,0.00608562,-1.69164,94.3478,-44.5344,1.72982e+09
8.51738,8.5,-0.614219,0.00740744,-1.6809,96.0474,-44.5849,1.72982e+09
8.51701,8.5,-0.520765,0.0062394,-1.79505,97.5777,-44.6326,1.72982e+09
8.49268,8.5,-1.08099,0.0138924,-1.55726,99.1928,-44.678,1.72982e+09
8.49703,8.5,-0.930055,0.0116566,-1.83476,100.722,-44.726,1.72982e+09
8.49632,8.5,1.50264,-0.04137,-2.12659,102.336,-44.7834,1.72982e+09
8.48855,8.5,1.09428,-0.0141126,-0.648759,103.78,-44.8109,1.72982e+09
8.41911,5,-0.88107,0.0111867,0.535123,105.309,-44.7971,1.72982e+09
7.59235,5,-0.621781,0.00950389,0.346257,106.829,-44.788,1.72982e+09
6.82005,5,-0.38764,0.00722678,0.164123,108.196,-44.7833,1.72982e+09
6.14974,5,-0.188922,0.00428905,0.00594693,109.297,-44.7829,1.72982e+09
5.55607,5,-0.264262,0.00739171,0.0583307,110.29,-44.7822,1.72982e+09
5.12999,5,-0.139196,0.00453737,-0.0695359,111.405,-44.7839,1.72982e+09
4.95232,5,-0.208144,0.0073124,-0.0579115,112.46,-44.7838,1.72982e+09
4.87418,5,-0.243895,-0.570155,1.3922,113.489,-44.7684,1.72982e+09
4.76628,5,-0.383826,-0.337882,11.7375,114.508,-44.5717,1.72982e+09
5.00292,5,-0.0125693,0.000429485,21.6069,115.514,-44.1756,1.72982e+09
5.06698,5,-0.506356,0.0176595,21.8866,116.493,-43.7719,1.72982e+09
4.97877,5,-0.889173,-0.767911,23.0736,117.518,-43.3499,1.72982e+09
4.9012,5,-0.27282,-0.698839,31.7985,118.44,-42.798,1.72982e+09
4.90302,5,-0.955305,-0.541341,42.4981,119.197,-42.117,1.72982e+09
4.94357,5,-0.646926,-0.335728,51.8173,119.74,-41.4154,1.72982e+09
4.99743,5,0.932983,-0.715987,62.3769,120.18,-40.5767,1.72982e+09
4.95879,5,-0.958186,-0.537169,71.3412,120.446,-39.7721,1.72982e+09
5.01901,5,0.959957,-0.251368,81.4087,120.589,-38.8336,1.72982e+09
5.1335,5,-0.360572,0.0119557,89.3141,120.591,-37.8663,1.72982e+09
5.13047,5,-0.474981,0.0160431,89.4283,120.595,-36.9928,1.72982e+09
5.0878,5,-0.149156,0.0049456,89.0931,120.611,-36.0218,1.72982e+09
5.11902,8.5,-0.21668,0.00712536,89.1568,120.625,-35.1089,1.72982e+09
5.82474,8.5,-0.372657,0.00956126,89.2684,120.641,-34.1788,1.72982e+09
6.50899,8.5,-0.435075,0.00895434,89.284,120.661,-33.1305,1.72982e+09
7.16975,8.5,-0.550434,0.00939826,89.3364,120.681,-31.9678,1.72982e+09
7.79913,8.5,-0.507168,0.00726257,89.2726,120.703,-30.6949,1.72982e+09
8.3311,8.5,-0.554031,0.00695892,89.2745,120.724,-29.1538,1.72982e+09
8.54286,8.5,-0.717405,0.00867547,89.3584,120.742,-27.4606,1.72982e+09
8.62786,8.5,-0.822145,0.00984456,89.4094,120.763,-25.5716,1.72982e+09
8.5854,8.5,-0.681823,0.00813481,89.3104,120.779,-24.0238,1.72982e+09
8.55865,8.5,-0.939632,0.0116122,89.47,120.795,-22.3955,1.72982e+09
8.51605,8.5,-0.801393,0.00983862,89.3649,120.812,-20.6884,1.72982e+09
8.50162,8.5,-0.527001,0.00633994,89.1824,120.835,-19.0713,1.72982e+09
8.49434,8.5,-0.366937,0.00438367,89.08,120.86,-17.5405,1.72982e+09
8.49981,8.5,-0.701969,0.00856552,89.2774,120.877,-16.0955,1.72982e+09
8.49712,8.5,-0.344966,0.00411464,89.0485,120.905,-14.3104,1.72982e+09
8.49384,8.5,-0.435971,0.00522641,89.0971,120.931,-12.696,1.72982e+09
8.4931,8.5,-0.588705,0.00712743,89.1811,120.957,-10.9119,1.72982e+09
8.50428,8.5,-0.791746,0.00973799,89.2989,120.982,-9.12767,1.72982e+09
8.50213,8.5,-0.858136,0.0106414,89.323,121,-7.34257,1.72982e+09
8.50471,8.5,-0.37647,0.00448841,89.0043,121.026,-5.55874,1.72982e+09
8.49935,8.5,-0.728596,0.00891394,89.2077,121.054,-3.60431,1.72982e+09
8.49304,8.5,-0.606728,0.00735582,89.1148,121.08,-1.81892,1.72982e+09
8.49717,8.5,-0.51932,0.00625108,89.0498,121.113,0.0509253,1.72982e+09
8.50709,8.5,-0.722485,0.00881732,89.1602,121.141,1.92046,1.72982e+09
8.49,8.5,-0.734192,0.00900784,89.1523,121.171,3.79035,1.72982e+09
8.48645,8.5,-0.888233,0.0110996,89.2327,121.193,5.49018,1.72982e+09
8.5088,8.5,-0.674165,0.00818777,89.0723,121.221,7.18999,1.72982e+09
8.50323,8.5,-0.468864,0.00561834,88.9318,121.251,8.80498,1.72982e+09
8.49549,8.5,-0.514852,0.00619802,88.9466,121.283,10.5045,1.72982e+09
8.49869,8.5,-0.924705,0.0115762,89.1881,121.314,12.4595,1.72982e+09
8.49888,8.5,-0.515595,0.00620222,88.8995,121.346,14.2445,1.72982e+09
8.51303,8.5,-0.656669,0.00795512,88.9646,121.379,16.0291,1.72982e+09
8.49471,8.5,-0.419677,0.0050258,88.805,121.41,17.559,1.72982e+09
8.50509,8.5,-0.508118,0.00610035,88.8333,121.446,19.4295,1.72982e+09
8.50773,8.5,-0.500595,0.00600343,88.8064,121.485,21.3006,1.72982e+09
8.48779,8.5,-0.918665,0.0115225,89.0319,121.52,23.3403,1.72982e+09
8.51928,8.5,-0.571721,0.00686992,88.7709,121.558,25.1238,1.72982e+09
8.48575,8.5,-0.586194,0.00710828,88.7534,121.595,26.8221,1.72982e+09
8.50976,8.5,-0.72988,0.00890815,88.7951,121.634,28.6915,1.72982e+09
8.29077,5,-0.848014,0.0110746,88.8274,121.672,30.5563,1.72982e+09
7.3751,5,-0.26625,0.00420931,88.4429,121.714,32.1989,1.72982e+09
6.54236,5,-0.348634,0.00705088,88.4924,121.751,33.6576,1.72982e+09
5.704,5,-0.137921,0.00363417,88.327,121.79,35.001,1.72982e+09
5.20988,5,-0.119784,0.00378247,88.3061,121.822,36.0862,1.72982e+09
4.97149,5,-0.210723,0.00734696,88.378,121.855,37.2513,1.72982e+09
4.92384,5,-0.121506,0.00429702,88.2646,121.885,38.2877,1.72982e+09
4.93365,5,-0.176312,0.00622802,88.2892,121.918,39.3707,1.72982e+09
4.9527,5,-0.213844,0.00751467,88.2848,121.948,40.4083,1.72982e+09
4.9765,5,-0.224324,0.00781338,88.2367,121.985,41.6002,1.72982e+09
4.76098,5,0.0116969,-1.1144,91.061,121.983,42.6773,1.72982e+09
4.77855,5,0.127229,-1.10429,100.718,121.796,43.7662,1.72982e+09
4.85974,5,-0.933807,-1.07915,111.87,121.395,44.8102,1.72982e+09
4.89131,5,0.840752,-1.0455,123.605,120.791,45.7668,1.72982e+09
5.05294,5,-0.603544,-0.975788,136.512,119.986,46.5643,1.72982e+09
4.91956,5,0.649949,-0.91057,148.643,119.021,47.1797,1.72982e+09
4.93302,5,-0.939942,-0.811259,158.866,118.136,47.5203,1.72982e+09
4.91244,5,0.85878,-0.637028,170.774,117.107,47.7056,1.72982e+09
5.55647,8.5,-1.0174,-0.313217,-176.985,115.957,47.671,1.72982e+09
6.33043,8.5,0.0865099,-0.0828057,-169.283,114.908,47.4547,1.72982e+09
7.11316,8.5,1.01665,-0.0191398,-167.223,113.741,47.1311,1.72982e+09
7.86325,8.5,1.56776,-0.0324372,-168.071,112.289,46.7586,1.72982e+09
8.41676,8.5,-0.393531,0.00479507,-166.475,110.778,46.3827,1.72982e+09
8.64757,8.5,-0.989976,0.0120533,-166.267,109.199,45.9955,1.72982e+09
8.64814,8.5,-1.4089,0.0188251,-166.293,107.518,45.5832,1.72982e+09
8.58486,8.5,0.376944,0.188997,-170.119,105.746,45.2252,1.72982e+09
8.51021,8.5,1.60696,0.0876515,-175.571,103.958,45.049,1.72982e+09
8.52928,8.5,0.694183,0.0288527,-178.57,102.25,44.9917,1.72982e+09
8.53829,8.5,1.69997,0.00386076,-179.825,100.629,44.9842,1.72982e+09
8.52393,8.5,1.69776,0.00759378,-179.649,99.0089,44.9771,1.72982e+09
8.50558,8.5,1.70065,0.00625726,-179.728,97.4767,44.9681,1.72982e+09
8.49743,8.5,1.67972,0.00886271,-179.612,95.9456,44.9589,1.72982e+09
8.49741,8.5,1.68885,0.00804222,-179.668,94.4157,44.9485,1.72982e+09
8.49805,8.5,1.69624,0.0070578,-179.729,92.8008,44.9415,1.72982e+09
8.49232,8.5,1.69398,0.00433009,-179.877,91.1862,44.9355,1.72982e+09
8.50419,8.5,1.6829,0.00870845,-179.672,89.4859,44.9292,1.72982e+09
8.48691,8.5,1.68758,0.00796334,-179.726,87.871,44.9216,1.72982e+09
8.49474,8.5,1.67827,0.00893629,-179.696,86.257,44.9136,1.72982e+09
8.48683,8.5,1.69021,0.00764811,-179.781,84.6428,44.9056,1.72982e+09
8.49377,8.5,1.68035,0.00875899,-179.741,83.1134,44.9011,1.72982e+09
8.5209,8.5,1.67603,0.00942723,-179.732,81.4987,44.8921,1.72982e+09
8.50797,8.5,1.68642,0.00846914,-179.804,80.054,44.8852,1.72982e+09
8.50278,8.5,1.69403,0.0075487,-179.87,78.4389,44.8821,1.72982e+09
8.49782,8.5,1.69915,0.00534407,-179.997,76.8235,44.8813,1.72982e+09
8.50688,8.5,1.68944,0.00816665,-179.887,75.0382,44.8766,1.72982e+09
8.49989,8.5,1.67362,0.00933587,-179.858,73.4223,44.8734,1.72982e+09
8.48707,8.5,1.58408,0.0132021,-179.715,71.6379,44.8662,1.72982e+09
8.49696,8.5,1.65564,0.0103673,-179.897,70.0233,44.8625,1.72982e+09
8.50315,8.5,-0.730186,0.0089265,179.99,68.2381,44.8627,1.72982e+09
8.49028,8.5,-0.796293,0.00983254,179.989,66.4524,44.8645,1.72982e+09
8.49288,8.5,-0.769392,0.0094669,179.913,64.6674,44.8662,1.72982e+09
8.50304,8.5,-0.307225,0.00365401,179.586,62.7119,44.8771,1.72982e+09
8.02374,5,-0.657938,0.00900501,179.766,60.9528,44.8849,1.72982e+09
7.12701,5,-0.248402,0.00420372,179.471,59.3636,44.896,1.72982e+09
6.33602,5,-0.345149,0.00744664,179.524,58.0182,44.9066,1.72982e+09
5.55281,5,-0.118242,0.0032858,179.331,56.7148,44.9213,1.72982e+09
5.14076,5,-0.160131,0.00520308,179.355,55.6514,44.9336,1.72982e+09
4.95567,5,-0.142711,0.00498695,179.309,54.5949,44.9461,1.72982e+09
4.77826,5,-0.918025,-0.585347,179.604,53.5609,44.9567,1.72982e+09
4.7096,5,0.70507,-0.449685,-172.91,52.5719,44.8461,1.72982e+09
4.91423,5,0.576392,-0.0872827,-161.503,51.6133,44.5336,1.72982e+09
5.06368,5,-0.985546,0.0608185,-157.781,50.6457,44.1198,1.72982e+09
4.90748,5,-0.523372,-0.653616,-158.528,49.5589,43.7048,1.72982e+09
4.77514,5,-0.882091,-0.55717,-150.573,48.6149,43.1938,1.72982e+09
4.98861,5,0.5755,-0.292258,-139.963,47.8256,42.5402,1.72982e+09
4.97691,5,-0.896623,-0.854391,-129.362,47.1502,41.7318,1.72982e+09
4.81707,5,-0.875285,-0.691138,-116.941,46.6404,40.7688,1.72982e+09
4.95322,5,-0.985401,-0.363895,-103.681,46.371,39.718,1.72982e+09
5.22358,8.5,-0.147025,0.00462348,-92.4389,46.3194,38.6075,1.72982e+09
6.1268,8.5,-0.927393,0.02396,-91.7552,46.2814,37.3573,1.72982e+09
6.95689,8.5,-0.583261,0.0106344,-92.1719,46.2138,35.9824,1.72982e+09
7.76402,8.5,-0.885441,0.0133663,-92.0014,46.1453,34.436,1.72982e+09
8.40283,8.5,-0.852535,0.0108292,-92.1006,46.0791,32.7318,1.72982e+09
8.63723,8.5,-0.710827,0.00839791,-92.2386,46.0098,30.9375,1.72982e+09
8.64363,8.5,-0.880696,0.0105771,-92.1615,45.947,29.296,1.72982e+09
8.60504,8.5,-0.829768,0.00999959,-92.2345,45.8814,27.5706,1.72982e+09
8.55653,8.5,-0.822774,0.0100254,-92.2783,45.8183,25.9416,1.72982e+09
8.54013,8.5,-0.436287,0.00517311,-92.5487,45.7524,24.4054,1.72982e+09
8.50544,8.5,-0.687089,0.00836113,-92.4256,45.679,22.703,1.72982e+09
8.50416,8.5,-0.680427,0.0082777,-92.473,45.6146,21.1737,1.72982e+09
8.48824,8.5,-0.743536,0.00913488,-92.4816,45.5322,19.3062,1.72982e+09
8.36814,5,-0.90863,0.0117296,-92.4374,45.4563,17.5256,1.72982e+09
7.37209,5,-0.376355,0.00598848,-92.7976,45.3689,15.7196,1.72982e+09
6.53046,5,-0.258906,0.00522649,-92.8984,45.2972,14.2631,1.72982e+09
5.73579,5,-0.166357,0.0043397,-92.9809,45.2312,12.9789,1.72982e+09
5.23474,5,-0.18851,0.00591544,-92.9777,45.172,11.8349,1.72982e+09
5.0097,5,-0.236295,0.00812841,-92.9585,45.1133,10.7143,1.72982e+09
4.93671,5,-0.208205,0.00736126,-93.0329,45.0555,9.62387,1.72982e+09
4.88544,5,0.659146,-0.628657,-92.8281,45.0046,8.64028,1.72982e+09
4.72571,5,-0.618662,-0.573209,-86.2529,45.0576,7.53704,1.72982e+09
4.87022,5,0.528579,-0.300257,-74.7785,45.3259,6.47345,1.72982e+09
4.94464,5,-0.982956,-0.667859,-63.8006,45.796,5.49134,1.72982e+09
4.98742,5,0.485748,-0.475706,-52.7605,46.3818,4.70247,1.72982e+09
5.09114,5,0.980789,-0.880676,-40.9644,47.2057,3.96989,1.72982e+09
4.92871,5,0.384783,-0.748925,-29.3197,48.1592,3.41657,1.72982e+09
4.90709,5,-0.452628,-0.508012,-17.3146,49.1985,3.07685,1.72982e+09
5.43546,8.5,-0.705696,-0.120414,-4.86031,50.3124,2.94421,1.72982e+09
6.2352,8.5,-1.14663,0.0319931,0.12856,51.4797,2.94805,1.72982e+09
7.02271,8.5,-0.496332,0.00879643,-0.684484,52.8063,2.93087,1.72982e+09
7.76417,8.5,-0.474351,0.00683868,-0.737291,54.2864,2.9057,1.72982e+09
8.41394,8.5,-0.568161,0.00700094,-0.711949,55.9952,2.88189,1.72982e+09
8.62204,8.5,-0.628762,0.00740386,-0.700012,57.8727,2.8613,1.72982e+09
8.65046,8.5,-0.827899,0.00986567,-0.591933,59.5127,2.84475,1.72982e+09
8.60167,8.5,-0.58105,0.00685074,-0.762828,61.15,2.82629,1.72982e+09
8.57366,8.5,-0.726798,0.00873163,-0.683793,62.9506,2.80198,1.72982e+09
8.5135,8.5,-0.964147,0.0120927,-0.545896,64.7447,2.78558,1.72982e+09
8.50323,8.5,-0.775991,0.00953056,-0.694029,66.4467,2.76511,1.72982e+09
8.49886,8.5,-0.481324,0.00577783,-0.895191,68.0628,2.74159,1.72982e+09
8.50127,8.5,-0.520503,0.00625965,-0.887709,69.8466,2.71506,1.72982e+09
8.49099,8.5,-0.847854,0.0105298,-0.701187,71.9704,2.68529,1.72982e+09
8.50144,8.5,-0.759327,0.00931376,-0.788637,73.9255,2.65874,1.72982e+09
8.50252,8.5,-0.489609,0.00587505,-0.980943,76.0498,2.62332,1.72982e+09
8.50108,8.5,-0.535845,0.00645094,-0.974327,78.0905,2.58846,1.72982e+09
8.50086,8.5,-0.865265,0.0107426,-0.794222,79.9602,2.56098,1.72982e+09
8.50148,8.5,-0.868039,0.0107791,-0.826678,81.5747,2.53785,1.72982e+09
8.50347,8.5,-0.863613,0.010713,-0.872321,83.19,2.51595,1.72982e+09
8.49965,8.5,-0.569609,0.00687579,-1.09198,85.0607,2.48029,1.72982e+09
8.50206,8.5,-0.577619,0.00697247,-1.11319,86.8455,2.44411,1.72982e+09
8.49307,8.5,-0.451172,0.00541408,-1.23278,88.8853,2.40423,1.72982e+09
8.49317,8.5,-0.732514,0.00897882,-1.09621,90.5844,2.37019,1.72982e+09
8.4908,8.5,-0.801548,0.00990193,-1.11017,92.2833,2.33818,1.72982e+09
8.49578,8.5,-0.66182,0.00805457,-1.25528,94.2372,2.29405,1.72982e+09
8.18634,5,-1.05641,0.0146517,-1.08042,96.2661,2.25569,1.72982e+09
7.25277,5,-0.534494,0.00889919,-1.47699,97.9632,2.21239,1.72982e+09
6.44759,5,-0.405463,0.00848493,-1.59012,99.3322,2.17401,1.72982e+09
5.63251,5,-0.13878,0.00375058,-1.8277,100.659,2.13323,1.72982e+09
5.17077,5,-0.247398,0.00799064,-1.76152,101.787,2.09812,1.72982e+09
4.97001,5,-0.670819,0.426058,-1.8998,102.749,2.06623,1.72982e+09
4.82783,5,-0.922786,0.260814,-8.59496,103.658,1.93776,1.72982e+09
4.94599,5,0.467358,-0.0170153,-16.5466,104.875,1.57549,1.72982e+09
4.99915,5,-0.168993,0.00581076,-15.908,105.88,1.28831,1.72982e+09
5.02423,5,-0.143852,0.00489036,-15.9809,106.989,0.971664,1.72982e+09
4.85249,5,0.845448,0.942142,-18.2718,108.079,0.630599,1.72982e+09
4.73279,5,0.935111,0.882686,-29.8778,109.038,0.106482,1.72982e+09
4.81238,5,-0.828897,0.731789,-43.9179,109.891,-0.678667,1.72982e+09
4.94445,5,-0.511022,0.478332,-57.6766,110.481,-1.58096,1.72982e+09
5.11158,5,-0.186525,0.0986186,-70.6949,110.861,-2.6176,1.72982e+09
5.14869,5,0.722806,1.06365,-74.128,111.155,-3.7164,1.72982e+09
4.82077,5,0.722806,1.06365,-73.7242,111.42,-4.62468,1.72982e+09
4.52633,5,0.722806,1.06365,-73.4828,111.659,-5.43062,1.72982e+09
4.17597,5,0.722806,1.06365,-73.287,111.946,-6.3882,1.72982e+09
3.82255,5,0.722806,1.06365,-73.0916,112.237,-7.34403,1.72982e+09
3.53934,5,0.722806,1.06365,-72.9758,112.474,-8.11773,1.72982e+09
3.23785,5,0.722806,1.06365,-72.8285,112.724,-8.9262,1.72982e+09
3.00394,5,0.722806,1.06365,-72.7378,112.918,-9.55142,1.72982e+09
1.88271,5,0.722806,1.06365,-71.7358,113.13,-10.2432,1.72982e+09
0.20332,5,0.722806,1.06365,-71.8002,113.199,-10.4507,1.72982e+09
0.247722,5,0.722806,1.06365,-74.4668,113.145,-10.3482,1.72982e+09
0.202376,5,0.722806,1.06365,-74.0467,113.128,-10.3004,1.72982e+09
0.326449,5,0.722806,1.06365,-74.0382,113.109,-10.2289,1.72982e+09
0.628997,5,0.722806,1.06365,-74.0576,113.083,-10.1269,1.72982e+09
0.6251,5,0.722806,1.06365,-74.156,113.047,-9.98742,1.72982e+09
0.585307,5,0.722806,1.06365,-74.1524,113.023,-9.90597,1.72982e+09
0.544802,5,0.722806,1.06365,-74.1568,113,-9.8245,1.72982e+09
0.489363,5,0.722806,1.06365,-74.1541,112.969,-9.71512,1.72982e+09
0.448958,5,0.722806,1.06365,-74.1542,112.948,-9.63846,1.72982e+09
0.4132,5,0.722806,1.06365,-74.1529,112.929,-9.57213,1.72982e+09
0.379452,5,0.722806,1.06365,-74.1543,112.911,-9.51121,1.72982e+09
0.338311,5,0.722806,1.06365,-74.1526,112.891,-9.43883,1.72982e+09
0.294372,5,0.722806,1.06365,-74.1536,112.87,-9.36595,1.72982e+09
0.258252,5,0.722806,1.06365,-74.1512,112.854,-9.30753,1.72982e+09
0.224671,5,0.722806,1.06365,-74.1532,112.839,-9.25649,1.72982e+09
0.194201,5,0.722806,1.06365,-74.1519,112.827,-9.21415,1.72982e+09
0.164556,5,0.722806,1.06365,-74.1517,112.816,-9.17455,1.72982e+09
0.129986,5,0.722806,1.06365,-74.1527,112.805,-9.135,1.72982e+09
0.0984337,5,0.722806,1.06365,-74.1523,112.795,-9.10203,1.72982e+09
0.0687809,5,0.722806,1.06365,-74.1518,112.788,-9.07711,1.72982e+09
0.0434578,5,0.722806,1.06365,-74.1515,112.784,-9.06245,1.72982e+09
0.0187847,5,0.722806,1.06365,-74.1506,112.782,-9.05463,1.72982e+09
0.0113137,5,0.722806,1.06365,-74.1469,112.781,-9.05157,1.72982e+09
0.000534078,5,0.722806,1.06365,-74.145,112.781,-9.0505,1.72982e+09
0.000706998,5,0.722806,1.06365,-74.1433,112.781,-9.0506,1.72982e+09
0.000432627,5,0.722806,1.06365,-74.1425,112.781,-9.05067,1.72982e+09
0.00033491,5,0.722806,1.06365,-74.1414,112.781,-9.05074,1.72982e+09
0.00032106,5,0.722806,1.06365,-74.1404,112.781,-9.05078,1.72982e+09
0.000196389,5,0.722806,1.06365,-74.1388,112.781,-9.0508,1.72982e+09
0.000216364,5,0.722806,1.06365,-74.137,112.781,-9.05074,1.72982e+09
2.13161e-06,5,0.722806,1.06365,-74.1367,112.781,-9.05075,1.72982e+09
0.000174296,5,0.722806,1.06365,-74.1367,112.781,-9.05073,1.72982e+09
7.18829e-05,5,0.722806,1.06365,-74.1367,112.781,-9.05072,1.72982e+09
0.000304991,5,0.722806,1.06365,-74.1355,112.781,-9.0512,1.72982e+09
1.49812,8.5,0.294743,-0.157376,-3.66833,-13.5637,-1.89628,1.74487e+09
3.72256,8.5,0.548964,-0.038077,-0.854302,-12.2066,-1.97707,1.74487e+09
5.94593,8.5,-0.19085,0.00463664,0.112209,-9.54884,-1.95765,1.74487e+09
7.91924,8.5,-0.471704,0.00653142,0.236108,-5.61369,-1.94722,1.74487e+09
8.27967,8.5,-0.371368,0.00467259,0.130679,-0.96859,-1.93171,1.74487e+09
8.38464,8.5,-0.568041,0.00704941,0.213983,3.70058,-1.91663,1.74487e+09
8.43062,8.5,-0.663795,0.00820904,0.217216,8.74391,-1.89776,1.74487e+09
8.48724,8.5,-0.430144,0.0051631,0.0171655,13.2226,-1.88829,1.74487e+09
8.47321,8.5,-0.495106,0.00598481,0.00136399,17.7945,-1.88562,1.74487e+09
8.48483,8.5,-0.410261,0.00492229,-0.120731,22.4624,-1.8883,1.74487e+09
8.4709,8.5,-0.585055,0.0071193,-0.146893,27.2043,-1.88845,1.74487e+09
7.04764,5,-0.454216,0.00796264,-0.323257,31.7922,-1.90669,1.74487e+09
5.26854,5,-0.127834,0.00394828,-0.625366,35.2676,-1.9383,1.74487e+09
5.03384,5,-0.670711,0.0247682,-4.22377,38.2283,-2.02582,1.74487e+09
5.00384,5,0.358173,0.911445,-5.02442,41.1348,-2.27819,1.74487e+09
4.78788,5,0.66835,0.999665,-38.8495,43.65,-3.46363,1.74487e+09
4.86118,8.5,-0.800842,0.473939,-75.7164,44.9689,-5.99757,1.74487e+09
7.06237,8.5,-0.933039,0.0174735,-89.7454,44.9466,-9.49789,1.74487e+09
8.49443,8.5,-0.407291,0.00487479,-90.2694,44.9279,-14.2215,1.74487e+09
8.52909,8.5,-0.678195,0.00819933,-90.1723,44.9078,-19.2626,1.74487e+09
8.51334,8.5,-0.550155,0.0066102,-90.4213,44.9013,-24.3788,1.74487e+09
8.14992,5,-0.55155,0.00724437,-90.543,44.8646,-29.1332,1.74487e+09
5.98394,5,-0.168854,0.00404631,-90.8271,44.8166,-32.8564,1.74487e+09
5.11172,5,-0.235243,0.00776881,-90.8219,44.7714,-35.868,1.74487e+09
4.69956,5,0.597165,-0.445993,-76.997,44.9987,-38.7378,1.74487e+09
0.745219,8.5,-0.00734666,1.13406,8.73311,-12.3265,-1.41333,1.74489e+09
1.84839,8.5,0.358348,-0.121768,-1.91363,-12.0245,-1.46329,1.74489e+09
3.36153,8.5,-0.135579,0.0103315,-0.376988,-11.141,-1.48225,1.74489e+09
4.86993,8.5,-0.210634,0.00765581,-0.357361,-9.69763,-1.50094,1.74489e+09
6.17244,8.5,-0.338696,0.00770133,-0.297595,-7.92803,-1.51856,1.74489e+09
7.27232,8.5,-0.562543,0.00933992,-0.187279,-6.04467,-1.53034,1.74489e+09
8.17642,8.5,-0.451564,0.00585249,-0.317212,-3.30537,-1.54877,1.74489e+09
8.41374,8.5,-0.545837,0.00671548,-0.292695,0.275348,-1.56801,1.74489e+09
8.46135,8.5,-0.457291,0.00553112,-0.369831,3.98671,-1.59554,1.74489e+09
8.47032,8.5,-0.365735,0.00439409,-0.457524,7.71198,-1.61953,1.74489e+09
8.50257,8.5,-0.399262,0.0047676,-0.457775,10.7662,-1.64549,1.74489e+09
8.4918,8.5,-0.399822,0.00478666,-0.48784,13.9083,-1.66961,1.74489e+09
8.50658,8.5,-0.564094,0.00679524,-0.423911,17.1346,-1.69594,1.74489e+09
8.49661,8.5,-0.437558,0.00524242,-0.553987,20.5334,-1.72328,1.74489e+09
8.50791,8.5,-0.342069,0.00406919,-0.645882,23.4233,-1.75456,1.74489e+09
8.50776,8.5,-0.492896,0.00590828,-0.611908,26.1441,-1.78093,1.74489e+09
8.14776,5,-0.581146,0.00765489,-0.646201,29.6141,-1.81675,1.74489e+09
6.30424,5,-0.153112,0.00330285,-0.957969,32.8542,-1.86533,1.74489e+09
5.21068,5,-0.0918241,0.00289604,-1.03763,35.2221,-1.9061,1.74489e+09
5.01227,5,0.376046,0.119677,-1.47027,37.4093,-1.95003,1.74489e+09
5.0045,5,-0.0941072,0.00321822,-4.80997,39.4013,-2.13116,1.74489e+09
4.75749,5,-0.125594,0.930935,-6.84667,41.3307,-2.31591,1.74489e+09
4.77619,5,-0.840207,1.01891,-35.1924,43.1207,-3.21973,1.74489e+09
4.87955,5,0.730351,0.662095,-66.3805,44.2246,-4.95061,1.74489e+09
5.85491,8.5,1.00977,-0.0613087,-91.5131,44.3645,-7.09828,1.74489e+09
7.5175,8.5,0.0960766,-0.00145492,-89.4917,44.4026,-9.97607,1.74489e+09
8.54906,8.5,-0.515759,0.00613046,-89.1553,44.4549,-13.6632,1.74489e+09
8.5894,8.5,-0.758063,0.00910043,-89.0636,44.5133,-17.4373,1.74489e+09
8.56346,8.5,-0.466002,0.00550386,-89.3098,44.5664,-21.294,1.74489e+09
8.53644,8.5,-0.714502,0.00865145,-89.226,44.6122,-25.055,1.74489e+09
8.36055,5,-0.444882,0.00550942,-89.4785,44.6522,-28.8916,1.74489e+09
6.53167,5,-0.168502,0.00338718,-89.6827,44.6751,-32.158,1.74489e+09
5.26493,5,-0.149687,0.00463385,-89.7275,44.6886,-34.701,1.74489e+09
5.04496,5,0.821914,-0.608965,-89.8141,44.6954,-36.7512,1.74489e+09
4.795,5,0.312068,-0.312429,-72.848,45.0782,-38.8965,1.74489e+09
4.91815,5,0.963854,-0.611918,-61.8886,46.1374,-40.9085,1.74489e+09
4.94198,5,-0.941363,-0.151067,-41.5285,47.6001,-42.5776,1.74489e+09
4.90396,5,-0.633845,-0.556731,-19.4674,49.6625,-43.6279,1.74489e+09
5.83378,8.5,-1.12036,0.0542879,0.603754,51.9612,-43.746,1.74489e+09
7.5913,8.5,-0.671841,0.0103277,-0.794304,54.9857,-43.8096,1.74489e+09
8.52613,8.5,-0.453653,0.00540193,-0.999812,58.682,-43.8772,1.74489e+09
8.58561,8.5,-0.655134,0.00779826,-0.908888,62.3654,-43.9356,1.74489e+09
8.55985,8.5,-0.513678,0.0060893,-1.01723,65.8771,-44.0006,1.74489e+09
8.52771,8.5,-0.486768,0.00580502,-1.06646,69.5504,-44.0645,1.74489e+09
8.51675,8.5,-0.47228,0.00564219,-1.10051,73.0439,-44.133,1.74489e+09
8.50328,8.5,-0.637482,0.0077285,-1.03963,76.7046,-44.2004,1.74489e+09
8.50921,8.5,-0.447325,0.0053462,-1.19073,80.1907,-44.2729,1.74489e+09
8.49732,8.5,-0.425015,0.00508795,-1.24282,83.5064,-44.3427,1.74489e+09
8.49401,8.5,-0.654357,0.00796207,-1.16481,87.0768,-44.4159,1.74489e+09
8.50099,8.5,-0.369545,0.00440837,-1.39764,90.8137,-44.5038,1.74489e+09
8.49042,8.5,-0.646333,0.00786596,-1.30432,94.4657,-44.5927,1.74489e+09
8.49168,8.5,-0.570708,0.00690281,-1.48195,98.1179,-44.6855,1.74489e+09
8.50761,8.5,-0.482241,0.00577709,-1.78772,101.774,-44.7885,1.74489e+09
8.48454,5,-0.741867,0.00912112,0.43652,105.432,-44.7971,1.74489e+09
6.56236,5,-0.314986,0.00631681,0.131308,108.879,-44.7864,1.74489e+09
5.26775,5,-0.0998495,0.00308191,-0.0651974,111.429,-44.7875,1.74489e+09
4.90214,5,-0.457144,-0.562077,2.24095,113.717,-44.7622,1.74489e+09
4.98737,5,-0.997378,0.0542869,23.6301,115.778,-44.1098,1.74489e+09
4.89223,5,-0.973062,-0.785437,24.3532,117.858,-43.2292,1.74489e+09
4.89675,5,0.13096,-0.493053,47.014,119.566,-41.8369,1.74489e+09
4.99701,5,0.904685,-0.434783,75.1775,120.438,-39.8188,1.74489e+09
5.13724,5,-0.699013,0.0249059,89.6294,120.487,-37.692,1.74489e+09
5.11445,5,-0.139529,0.00457607,89.0175,120.529,-35.484,1.74489e+09
6.5445,8.5,-0.483132,0.00988017,89.2572,120.575,-33.0341,1.74489e+09
8.1744,8.5,-0.379403,0.00490044,89.1087,120.633,-29.7844,1.74489e+09
8.48625,8.5,-0.406412,0.00487352,89.105,120.688,-26.2614,1.74489e+09
8.51523,8.5,-0.480514,0.00574538,89.1374,120.741,-22.8556,1.74489e+09
8.52597,8.5,-0.665174,0.00803886,89.2339,120.789,-19.4474,1.74489e+09
8.50604,8.5,-0.689091,0.0083858,89.2302,120.843,-15.7884,1.74489e+09
8.49892,8.5,-0.429689,0.00514319,89.047,120.897,-12.13,1.74489e+09
8.51103,8.5,-0.672737,0.00816502,89.1741,120.948,-8.64115,1.74489e+09
8.49783,8.5,-0.468143,0.00561669,89.0295,121.012,-4.98435,1.74489e+09
8.49847,8.5,-0.495906,0.00595864,89.0234,121.075,-1.24344,1.74489e+09
8.50261,8.5,-0.541421,0.00651812,89.0264,121.138,2.40995,1.74489e+09
8.49694,8.5,-0.574918,0.00694705,89.0184,121.201,6.0643,1.74489e+09
8.50024,8.5,-0.486455,0.00583929,88.9368,121.263,9.46336,1.74489e+09
8.48741,8.5,-0.519368,0.00626631,88.9267,121.332,13.1165,1.74489e+09
8.49642,8.5,-0.5043,0.00606562,88.8768,121.405,16.9414,1.74489e+09
8.48982,8.5,-0.58234,0.00705262,88.8881,121.478,20.5111,1.74489e+09
8.50647,8.5,-0.602051,0.00727293,88.844,121.553,24.2495,1.74489e+09
8.49887,8.5,-0.444017,0.00531878,88.6805,121.635,28.0754,1.74489e+09
7.75465,5,-0.395324,0.00568479,88.601,121.717,31.6671,1.74489e+09
5.99582,5,-0.174961,0.00417703,88.4382,121.795,34.6813,1.74489e+09
5.14512,5,-0.0867752,0.00280668,88.3467,121.861,37.0215,1.74489e+09
5.01932,5,-0.0615976,0.00209228,88.3019,121.92,39.0448,1.74489e+09
5.00271,5,-0.095715,0.00327572,88.2954,121.984,41.1962,1.74489e+09
4.54956,5,-0.875086,-1.12109,100.327,121.859,43.2078,1.74489e+09
4.89518,5,-0.833327,-0.938322,136.987,120.572,44.8862,1.74489e+09
4.84941,5,0.323938,-0.475606,168.32,118.549,45.6573,1.74489e+09
5.71094,8.5,-0.0216235,0.000567034,-176.994,116.188,45.5098,1.74489e+09
7.51462,8.5,0.662712,-0.0103936,-177.608,113.143,45.3301,1.74489e+09
8.5371,8.5,-0.692517,0.00836696,-176.914,109.462,45.1312,1.74489e+09
8.57715,8.5,0.441213,0.031858,-178.445,105.691,44.959,1.74489e+09
8.5624,8.5,1.70961,0.00690232,-179.723,102.352,44.9384,1.74489e+09
8.5396,8.5,1.70241,0.00415245,-179.882,98.8469,44.9249,1.74489e+09
8.51606,8.5,1.6975,0.00413158,-179.904,95.0109,44.9154,1.74489e+09
8.5301,8.5,1.70343,0.00687246,-179.794,91.0898,44.9043,1.74489e+09
8.50103,8.5,1.68874,0.0081251,-179.774,87.3453,44.8871,1.74489e+09
8.49889,8.5,1.69508,0.00728453,-179.842,83.4355,44.884,1.74489e+09
8.50427,8.5,1.69981,0.00508228,-179.989,79.6108,44.8789,1.74489e+09
8.50728,8.5,1.70124,0.00609947,-179.986,75.6989,44.8747,1.74489e+09
8.5039,8.5,-0.458314,0.00548778,179.938,72.2967,44.875,1.74489e+09
8.49343,8.5,-0.505563,0.00608562,179.913,68.3875,44.8812,1.74489e+09
8.49075,8.5,-0.322321,0.00384689,179.75,64.6497,44.8942,1.74489e+09
8.3939,5,-0.54842,0.00678103,179.835,61.6778,44.9063,1.74489e+09
7.16031,5,-0.311408,0.00523622,179.661,59.425,44.9169,1.74489e+09
5.83627,5,-0.208325,0.00525863,179.574,57.2205,44.9332,1.74489e+09
5.11796,5,-0.112927,0.00369454,179.466,55.071,44.953,1.74489e+09
4.72866,5,-0.887308,-0.560581,-178.036,53.117,44.9422,1.74489e+09
4.99785,5,-0.752596,0.0291654,-158.444,51.3292,44.3984,1.74489e+09
4.91625,5,-0.435813,-0.650656,-158.087,49.459,43.6599,1.74489e+09
4.87682,5,0.9585,-0.273997,-139.555,47.8805,42.5607,1.74489e+09
4.93227,5,-0.120388,-0.698679,-118.124,46.7483,40.8941,1.74489e+09
5.0929,5,1.01763,-0.0512531,-94.2044,46.3915,38.972,1.74489e+09
6.55344,8.5,-0.854504,0.0185322,-92.0096,46.3071,36.6727,1.74489e+09
8.18292,8.5,-1.02111,0.0140819,-92.0431,46.1552,33.5037,1.74489e+09
8.57504,8.5,-0.437241,0.00514207,-92.5026,46.0131,30.1242,1.74489e+09
8.58415,8.5,-0.38553,0.00451286,-92.5661,45.8636,26.7793,1.74489e+09
8.5451,8.5,-0.576555,0.00688771,-92.4892,45.7344,23.8693,1.74489e+09
8.51424,8.5,-0.608547,0.00734134,-92.5385,45.6094,20.9709,1.74489e+09
8.36347,5,-0.801596,0.0102204,-92.5201,45.4513,17.398,1.74489e+09
1.10524,8.5,0.0383639,0.756374,5.43844,-12.249,-1.3887,1.7449e+09
2.93596,8.5,-0.333595,0.0351853,0.0159061,-11.4119,-1.47208,1.7449e+09
4.72102,8.5,-0.175612,0.00677775,-0.391804,-9.83806,-1.49645,1.7449e+09
6.66661,8.5,-0.39361,0.00768843,-0.281258,-7.09973,-1.52243,1.7449e+09
8.06316,8.5,-0.501389,0.00670638,-0.283056,-3.49793,-1.54507,1.7449e+09
8.34131,8.5,-0.519744,0.00649645,-0.308139,0.369717,-1.56771,1.7449e+09
8.40054,8.5,-0.486559,0.00598211,-0.368468,4.64084,-1.59127,1.7449e+09
8.4348,8.5,-0.722665,0.00897685,-0.263426,8.94062,-1.6172,1.7449e+09
8.46854,8.5,-0.69536,0.00854446,-0.328136,13.0851,-1.6471,1.7449e+09
8.4808,8.5,-0.491269,0.00592625,-0.507535,16.8972,-1.67685,1.7449e+09
8.48045,8.5,-0.72868,0.00895624,-0.41682,20.6348,-1.70901,1.7449e+09
8.49402,8.5,-0.602901,0.00730553,-0.56008,23.9443,-1.74136,1.7449e+09
8.50089,8.5,-0.469836,0.00563345,-0.705729,27.1716,-1.77928,1.7449e+09
7.18257,5,-0.301026,0.00502741,-0.919736,31.5567,-1.83333,1.7449e+09
5.30857,5,-0.132052,0.00401778,-1.09461,35.0963,-1.89563,1.7449e+09
5.0422,5,-0.675296,0.0248839,-4.36171,38.1191,-2.00237,1.7449e+09
5.03151,5,-0.276277,0.902468,-4.93244,41.0281,-2.26405,1.7449e+09
4.86199,5,-0.961458,1.00696,-36.4949,43.5443,-3.35794,1.7449e+09
4.85686,8.5,0.192582,0.407905,-77.7283,44.7563,-5.81653,1.7449e+09
7.04282,8.5,-1.08084,0.0212383,-89.1265,44.7006,-9.24455,1.7449e+09
8.48851,8.5,-0.639475,0.00778165,-89.6548,44.7185,-13.8691,1.7449e+09
8.55527,8.5,-0.509699,0.00604722,-89.8064,44.7398,-18.8205,1.7449e+09
8.52379,8.5,-0.59167,0.00711229,-89.8221,44.7516,-23.0066,1.7449e+09
8.51254,8.5,-0.458006,0.00547273,-90.0079,44.761,-27.2692,1.7449e+09
7.0603,5,-0.333307,0.00577276,-90.1333,44.7561,-31.1027,1.7449e+09
5.39909,5,-0.137599,0.00404787,-90.2902,44.7416,-34.0531,1.7449e+09
5.05079,5,-0.119817,0.00402619,-90.3495,44.7275,-36.3807,1.7449e+09
4.82757,5,0.400228,-0.307407,-73.1912,45.0525,-38.7589,1.7449e+09
4.86312,5,0.970132,-0.614382,-60.6158,46.3626,-41.2602,1.7449e+09
5.03012,5,0.19204,-0.795835,-33.4103,48.3817,-43.1232,1.7449e+09
5.09647,8.5,0.772437,-0.0288519,-2.09175,51.0277,-43.7427,1.7449e+09
7.4146,8.5,-0.647737,0.0104272,-0.830878,54.668,-43.7762,1.7449e+09
8.52315,8.5,-0.510976,0.00610936,-0.994314,59.0859,-43.8625,1.7449e+09
8.55401,8.5,-0.539716,0.00641761,-1.00644,63.9589,-43.9525,1.7449e+09
8.53866,8.5,-0.461313,0.00547914,-1.09248,68.832,-44.0411,1.7449e+09
8.52558,8.5,-0.45417,0.00540895,-1.13546,73.5215,-44.1316,1.7449e+09
8.50343,8.5,-0.542925,0.0065356,-1.12574,78.2058,-44.2253,1.7449e+09
8.53504,8.5,-0.509851,0.00607824,-1.20277,83.2241,-44.3314,1.7449e+09
8.49896,8.5,-0.465326,0.00558051,-1.32129,88.2391,-44.4364,1.7449e+09
0.927847,8.5,-0.173622,0.942824,6.82036,-12.2791,-1.38605,1.7449e+09
2.24056,8.5,0.299877,-0.055907,-1.33449,-11.8255,-1.45604,1.7449e+09
3.58898,8.5,-0.192483,0.0129373,-0.327069,-10.9488,-1.46774,1.7449e+09
4.91616,8.5,-0.299168,0.0107562,-0.284869,-9.62774,-1.48544,1.7449e+09
6.29722,8.5,-0.395922,0.00868559,-0.27507,-7.71777,-1.50457,1.7449e+09
7.53075,8.5,-0.387299,0.00590667,-0.339467,-5.50206,-1.52386,1.7449e+09
8.19849,8.5,-0.639441,0.00835742,-0.213612,-3.11925,-1.53774,1.7449e+09
8.3981,8.5,-0.620233,0.00770297,-0.258869,-0.789367,-1.54643,1.7449e+09
8.47533,8.5,-0.333941,0.004002,-0.453246,1.83025,-1.56593,1.7449e+09
8.49832,8.5,-0.534382,0.00643695,-0.354288,4.29258,-1.57986,1.7449e+09
8.49614,8.5,-0.532782,0.00642036,-0.378012,7.01341,-1.59874,1.7449e+09
8.50044,8.5,-0.53346,0.0064222,-0.40534,9.73392,-1.61726,1.7449e+09
8.4983,8.5,-0.625076,0.00757959,-0.376837,12.3701,-1.63665,1.7449e+09
8.49263,8.5,-0.672898,0.00820357,-0.383746,14.8358,-1.65254,1.7449e+09
8.50874,8.5,-0.503674,0.00604003,-0.517883,17.0463,-1.67213,1.7449e+09
8.49568,8.5,-0.314817,0.00375188,-0.658309,19.4268,-1.69668,1.7449e+09
8.49601,8.5,-0.582813,0.0070481,-0.5265,21.8915,-1.72293,1.7449e+09
8.50664,8.5,-0.394155,0.00470093,-0.689794,24.6119,-1.75193,1.7449e+09
8.4909,8.5,-0.465349,0.00559152,-0.699294,27.076,-1.77963,1.7449e+09
8.18938,5,-0.367134,0.00472169,-0.798626,29.5294,-1.81272,1.7449e+09
6.85997,5,-0.328767,0.00603333,-0.855535,31.9313,-1.84542,1.7449e+09
5.65606,5,-0.1331,0.00356639,-1.02042,33.9255,-1.8793,1.7449e+09
5.09586,5,-0.0930016,0.00306712,-1.07081,35.6769,-1.9123,1.7449e+09
4.96503,5,0.555788,0.127897,-1.30368,37.4325,-1.94733,1.7449e+09
4.97179,5,-0.00543472,0.00018803,-4.97663,39.1607,-2.10429,1.7449e+09
4.93581,5,-0.235651,0.912151,-5.01036,41.0446,-2.26594,1.7449e+09
4.74359,5,0.88771,0.793745,-29.7362,42.9116,-2.99742,1.7449e+09
4.85235,5,-0.910506,0.743042,-62.1378,44.2072,-4.69308,1.7449e+09
5.8395,8.5,1.0896,-0.0567242,-91.4973,44.4472,-6.9672,1.7449e+09
7.60449,8.5,0.0211377,-0.000312612,-89.5448,44.4569,-10.0622,1.7449e+09
8.53922,8.5,-0.652361,0.00785036,-89.1801,44.5047,-13.601,1.7449e+09
8.58966,8.5,-0.571504,0.00675287,-89.289,44.5559,-17.5501,1.7449e+09
8.55434,8.5,-0.407967,0.00481421,-89.4424,44.5986,-21.4042,1.7449e+09
8.54026,8.5,-0.482237,0.00573233,-89.4598,44.6361,-25.336,1.7449e+09
8.24674,5,-0.576721,0.00740866,-89.4855,44.6709,-29.1644,1.7449e+09
6.34682,5,-0.336504,0.00723044,-89.6616,44.6911,-32.5078,1.7449e+09
5.21482,5,-0.122689,0.00386729,-89.8589,44.6981,-34.9949,1.7449e+09
4.97556,5,0.604616,-0.62184,-88.2684,44.7217,-37.3811,1.7449e+09
4.91951,5,0.289283,-0.0984914,-66.3148,45.3546,-39.5033,1.7449e+09
4.89071,5,-0.977421,-0.537807,-56.5193,46.5313,-41.5183,1.7449e+09
4.94015,5,0.988017,-0.823793,-34.988,48.1478,-42.9137,1.7449e+09
4.95784,5,0.991183,-0.264702,-9.24318,50.2727,-43.603,1.7449e+09
6.55047,8.5,-0.353209,0.00712786,-1.15421,52.9211,-43.6062,1.7449e+09
8.25599,8.5,-0.566495,0.00725495,-1.081,56.3368,-43.6879,1.7449e+09
8.5541,8.5,-0.615214,0.00735494,-1.08839,60.0637,-43.7615,1.7449e+09
8.56869,8.5,-0.490617,0.00579562,-1.19797,64.0039,-43.8387,1.7449e+09
8.55112,8.5,-0.57864,0.00690374,-1.1762,68.0191,-43.9218,1.7449e+09
8.53605,8.5,-0.449361,0.00533699,-1.28405,71.8587,-44.0071,1.7449e+09
8.51387,8.5,-0.451305,0.00538895,-1.3122,75.3515,-44.0861,1.7449e+09
8.51058,8.5,-0.460754,0.00550898,-1.33993,78.7542,-44.1647,1.7449e+09
8.51214,8.5,-0.452202,0.00540216,-1.3881,82.1545,-44.2435,1.7449e+09
8.50205,8.5,-0.588168,0.00710534,-1.35418,85.9795,-44.3375,1.7449e+09
8.49658,8.5,-0.452378,0.00542436,-1.4973,89.803,-44.4359,1.7449e+09
8.49893,8.5,-0.362113,0.00432042,-1.63399,93.6243,-44.5377,1.7449e+09
8.49824,8.5,-0.432636,0.0051801,-1.70029,97.4485,-44.647,1.7449e+09
8.50037,8.5,-0.548783,0.0066136,-1.86161,101.274,-44.7632,1.7449e+09
8.49499,5,-0.811233,0.0100221,0.481762,105.097,-44.797,1.7449e+09
6.64433,5,-0.284178,0.00554783,0.117298,108.499,-44.7873,1.7449e+09
5.28293,5,-0.126252,0.00387792,-0.0267777,111.131,-44.7878,1.7449e+09
4.91624,5,-0.465436,-0.560592,1.75522,113.53,-44.7693,1.7449e+09
4.97588,5,-0.625753,0.0233694,22.3515,115.517,-44.1813,1.7449e+09
4.90579,5,-0.814655,-0.77336,23.6098,117.603,-43.3144,1.7449e+09
4.80795,5,0.958048,-0.464289,46.163,119.322,-41.9552,1.7449e+09
4.89235,5,0.934025,-0.46325,74.3143,120.256,-39.8698,1.7449e+09
5.15416,5,-0.765408,0.0277618,89.5997,120.318,-37.6029,1.7449e+09
5.13633,5,-0.0971551,0.00315414,88.8584,120.367,-35.3865,1.7449e+09
6.90494,8.5,-0.592905,0.0109917,89.2055,120.425,-32.5816,1.7449e+09
8.33171,8.5,-0.49091,0.00613892,89.0524,120.489,-29.1063,1.7449e+09
8.52402,8.5,-0.633621,0.00764098,89.1164,120.551,-25.2929,1.7449e+09
8.52631,8.5,-0.638725,0.0077015,89.0983,120.611,-21.4551,1.7449e+09
8.53517,8.5,-0.282158,0.00332765,88.8655,120.681,-17.6168,1.7449e+09
8.5155,8.5,-0.305488,0.00362243,88.8658,120.753,-13.7867,1.7449e+09
8.50261,8.5,-0.486548,0.00583712,88.954,120.822,-9.87359,1.7449e+09
8.49568,8.5,-0.504975,0.00607506,88.943,120.887,-6.21959,1.7449e+09
8.50805,8.5,-0.484801,0.00580802,88.9109,120.958,-2.56373,1.7449e+09
8.50223,8.5,-0.498586,0.00598646,88.8955,121.032,1.2625,1.7449e+09
8.50944,8.5,-0.472962,0.0056604,88.8572,121.112,5.17162,1.7449e+09
8.51935,8.5,-0.478842,0.00571921,88.8247,121.185,8.99845,1.7449e+09
8.49299,8.5,-0.431716,0.0051753,88.7707,121.268,12.8253,1.7449e+09
8.50155,8.5,-0.413638,0.00494394,88.7195,121.347,16.6478,1.7449e+09
8.49958,8.5,-0.520679,0.00626438,88.7552,121.432,20.3014,1.7449e+09
8.50282,8.5,-0.307881,0.00366209,88.5719,121.514,24.0397,1.7449e+09
8.50468,8.5,-0.739211,0.0090415,88.7794,121.603,27.8642,1.7449e+09
7.74746,5,-0.272885,0.00390842,88.4307,121.693,31.5363,1.7449e+09
5.99107,5,-0.254445,0.00610903,88.4065,121.773,34.5469,1.7449e+09
5.145,5,-0.122971,0.00398236,88.2816,121.841,36.8341,1.7449e+09
5.01728,5,-0.123585,0.00420924,88.2504,121.911,39.1089,1.7449e+09
5.00002,5,-0.0922522,0.00316026,88.1745,121.98,41.31,1.7449e+09
4.65565,5,-0.115486,-1.11421,100.044,121.837,43.4802,1.7449e+09
4.85537,5,0.680508,-1.01495,128.758,120.722,45.3696,1.7449e+09
4.82518,5,-0.614552,-0.805326,155.769,118.858,46.5593,1.7449e+09
5.2119,8.5,-0.684153,-0.125832,-175.389,116.618,46.7041,1.7449e+09
7.1282,8.5,1.30637,-0.0475313,-173.952,113.803,46.2126,1.7449e+09
8.48898,8.5,-0.75406,0.00927238,-171.78,110.193,45.6758,1.7449e+09
8.55739,8.5,-0.0085571,0.124782,-173.557,106.284,45.1497,1.7449e+09
8.5594,8.5,-0.126343,0.00147616,-179.839,102.52,45.0783,1.7449e+09
8.54914,8.5,-0.556905,0.00663739,-179.604,98.7558,45.054,1.7449e+09
8.52347,8.5,-0.397011,0.00471677,-179.726,94.9135,45.0298,1.7449e+09
8.52349,8.5,-0.434312,0.00516951,-179.73,91.0778,45.0089,1.7449e+09
8.5058,8.5,1.68768,0.00325091,-179.85,87.1646,44.9928,1.7449e+09
8.50222,8.5,1.67577,0.00921742,-179.587,83.5079,44.9744,1.7449e+09
8.49416,8.5,1.69365,0.00736453,-179.719,79.8527,44.957,1.7449e+09
8.4973,8.5,1.69923,0.00612155,-179.828,76.1135,44.9418,1.7449e+09
8.49684,8.5,1.69497,0.00723822,-179.818,72.2841,44.9338,1.7449e+09
8.48734,8.5,1.6974,0.00598395,-179.942,68.461,44.9267,1.7449e+09
8.5066,8.5,-0.338654,0.00402926,179.892,64.6369,44.926,1.7449e+09
7.90435,5,-0.616015,0.00866119,179.998,60.8488,44.9302,1.7449e+09
6.10411,5,-0.263598,0.00609813,179.758,57.7058,44.9454,1.7449e+09
5.15637,5,-0.166424,0.0053765,179.64,55.3397,44.9595,1.7449e+09
4.8546,5,-0.74424,-0.55717,-178.188,53.072,44.9486,1.7449e+09
5.01702,5,-0.974184,0.0617113,-157.358,50.9653,44.2705,1.7449e+09
4.79982,5,0.46679,-0.594954,-152.932,48.8671,43.3671,1.7449e+09
4.93668,5,-0.516432,-0.85146,-128.975,47.2716,41.8229,1.7449e+09
4.90456,5,-0.797468,-0.382545,-104.289,46.4254,39.7562,1.7449e+09
6.04312,8.5,-0.886215,0.0232911,-91.9065,46.346,37.3793,1.7449e+09
7.75747,8.5,-1.02361,0.0158843,-91.9909,46.1922,34.3413,1.7449e+09
8.52998,8.5,-0.446149,0.00530555,-92.4712,46.0259,30.6092,1.7449e+09
8.57024,8.5,-0.547145,0.00648409,-92.4654,45.8616,26.7555,1.7449e+09
8.5585,8.5,-0.508611,0.00602926,-92.5586,45.6988,22.9887,1.7449e+09
8.5304,8.5,-0.536522,0.00641427,-92.6302,45.5452,19.4903,1.7449e+09
7.65282,5,-0.249941,0.00366619,-92.8612,45.383,16.0861,1.7449e+09
6.10337,5,-0.208799,0.00481725,-92.9134,45.2496,13.4131,1.7449e+09
5.18702,5,-0.0996897,0.00317364,-93.033,45.1345,11.2039,1.7449e+09
5.02142,5,0.940107,-0.605605,-93.0838,45.0103,8.87278,1.7449e+09
4.82721,5,-0.703648,-0.191044,-73.0517,45.351,6.70543,1.7449e+09
4.7554,5,-0.601327,-0.671361,-60.9099,46.2732,4.85634,1.7449e+09
4.81826,5,-0.615615,-0.948728,-44.9535,47.3201,3.65892,1.7449e+09
4.90066,5,0.963323,-0.735244,-27.8561,48.5315,2.93083,1.7449e+09
5.31554,8.5,-0.803738,-0.1726,-6.02176,50.2369,2.54415,1.7449e+09
6.58817,8.5,-0.622856,0.0127819,-0.149723,52.144,2.5674,1.7449e+09
7.99133,8.5,-0.476294,0.00647665,-0.339724,54.8445,2.53735,1.7449e+09
8.59119,8.5,-0.479785,0.00563404,-0.380545,58.3839,2.51509,1.7449e+09
8.60872,8.5,-0.470812,0.00550306,-0.405303,61.7435,2.49048,1.7449e+09
8.56388,8.5,-0.595679,0.00709425,-0.357156,64.9217,2.47392,1.7449e+09
8.55932,8.5,-0.580952,0.00691892,-0.388011,68.257,2.44666,1.7449e+09
8.52788,8.5,-0.430548,0.00511838,-0.503454,71.1553,2.42412,1.7449e+09
8.50451,8.5,-0.412625,0.00492811,-0.537793,74.1341,2.3979,1.7449e+09
8.51467,8.5,-0.379536,0.00451491,-0.588705,77.0258,2.37358,1.7449e+09
8.50488,8.5,-0.45838,0.0054873,-0.584252,80.5115,2.34309,1.7449e+09
8.51125,8.5,-0.419857,0.00500827,-0.640517,83.743,2.30711,1.7449e+09
8.49892,8.5,-0.551507,0.00664998,-0.618898,87.0609,2.27472,1.7449e+09
8.49852,8.5,-0.428394,0.00512784,-0.752967,90.6298,2.23069,1.7449e+09
8.4928,8.5,-0.870926,0.0108422,-0.558664,94.0306,2.18867,1.7449e+09
7.44604,5,-0.302053,0.00469165,-1.0019,97.6411,2.13441,1.7449e+09
5.85074,5,-0.18146,0.00455182,-1.11886,100.36,2.08326,1.7449e+09
5.11585,5,-0.8798,0.423259,-1.23338,102.668,2.03479,1.7449e+09
4.99123,5,0.95925,-0.0441865,-17.0474,104.687,1.59782,1.7449e+09
5.03541,5,-0.125144,0.00423188,-15.6484,106.766,1.01231,1.7449e+09
4.74863,5,-0.191175,0.902936,-26.5844,108.773,0.261887,1.7449e+09
4.78345,5,-0.35615,0.496309,-55.7243,110.2,-1.25723,1.7449e+09
5.13863,5,0.854684,-0.0326741,-71.8832,110.901,-3.32683,1.7449e+09
4.53696,5,-0.70841,1.05799,-70.4574,111.64,-5.39989,1.7449e+09
3.88511,5,-0.70841,1.05799,-70.1506,112.28,-7.17923,1.7449e+09
3.33068,5,-0.70841,1.05799,-69.9142,112.823,-8.66743,1.7449e+09
2.86055,5,-0.70841,1.05799,-69.7338,113.282,-9.91414,1.7449e+09
2.46034,5,-0.70841,1.05799,-69.6133,113.671,-10.9597,1.7449e+09
2.13464,5,-0.70841,1.05799,-69.5174,113.984,-11.7978,1.7449e+09
1.85917,5,-0.70841,1.05799,-69.4444,114.243,-12.4884,1.7449e+09
1.59554,5,-0.70841,1.05799,-69.3756,114.486,-13.1338,1.7449e+09
1.37896,5,-0.70841,1.05799,-69.3194,114.68,-13.6478,1.7449e+09
1.16252,5,-0.70841,1.05799,-69.2736,114.869,-14.1457,1.7449e+09
0.973373,5,-0.70841,1.05799,-69.2581,115.031,-14.5741,1.7449e+09
0.823742,5,-0.70841,1.05799,-69.251,115.155,-14.9012,1.7449e+09
0.687473,5,-0.70841,1.05799,-69.25,115.265,-15.1902,1.7449e+09
0.567124,5,-0.70841,1.05799,-69.2444,115.358,-15.4359,1.7449e+09
0.458183,5,-0.70841,1.05799,-69.2427,115.438,-15.6462,1.7449e+09
0.366369,5,-0.70841,1.05799,-69.241,115.5,-15.8116,1.7449e+09
0.291917,5,-0.70841,1.05799,-69.2382,115.547,-15.9343,1.7449e+09
0.22893,5,-0.70841,1.05799,-69.2387,115.582,-16.0265,1.7449e+09
0.168457,5,-0.70841,1.05799,-69.2385,115.611,-16.1025,1.7449e+09
0.1145,5,-0.70841,1.05799,-69.2376,115.631,-16.1565,1.7449e+09
0.0609342,5,-0.70841,1.05799,-69.2365,115.645,-16.1936,1.7449e+09
0.0245919,5,-0.70841,1.05799,-69.2369,115.651,-16.2099,1.7449e+09
0.000111579,5,-0.70841,1.05799,-69.2361,115.653,-16.2143,1.7449e+09
9.93816e-05,5,-0.70841,1.05799,-69.2359,115.653,-16.2143,1.7449e+09
0.000103242,5,-0.70841,1.05799,-69.2357,115.653,-16.2144,1.7449e+09
0.000110596,5,-0.70841,1.05799,-69.2355,115.653,-16.2144,1.7449e+09
0.000114457,5,-0.70841,1.05799,-69.2354,115.653,-16.2145,1.7449e+09
0.000118035,5,-0.70841,1.05799,-69.2353,115.653,-16.2145,1.7449e+09
0.000123868,5,-0.70841,1.05799,-69.2352,115.653,-16.2145,1.7449e+09
0.000127665,5,-0.70841,1.05799,-69.235,115.653,-16.2146,1.7449e+09
0.000131198,5,-0.70841,1.05799,-69.2349,115.653,-16.2146,1.7449e+09
0.000132012,5,-0.70841,1.05799,-69.2347,115.653,-16.2147,1.7449e+09
0.000139513,5,-0.70841,1.05799,-69.2345,115.653,-16.2147,1.7449e+09
0.00014685,5,-0.70841,1.05799,-69.2343,115.653,-16.2148,1.7449e+09
0.000155768,5,-0.70841,1.05799,-69.2341,115.653,-16.2148,1.7449e+09
0.000162747,5,-0.70841,1.05799,-69.2338,115.653,-16.2149,1.7449e+09
0.000164629,5,-0.70841,1.05799,-69.2334,115.653,-16.2149,1.7449e+09
0.000661251,8.5,3.25771e-05,1.57015,2.81626,-13.8146,-1.81866,1.7449e+09
0.00116651,8.5,5.62976e-05,1.56966,2.82055,-13.8143,-1.81861,1.7449e+09
0.000476963,8.5,2.2567e-05,1.57033,2.82462,-13.8141,-1.81857,1.7449e+09
0.000344201,8.5,1.58992e-05,1.57046,2.82944,-13.8138,-1.81851,1.7449e+09
0.00135458,8.5,6.09974e-05,1.56949,2.83441,-13.8135,-1.81846,1.7449e+09
0.000163067,8.5,7.16149e-06,1.57064,2.83916,-13.8133,-1.8184,1.7449e+09
0.000235023,8.5,1.009e-05,1.57057,2.84338,-13.8131,-1.81836,1.7449e+09
0.00119574,8.5,5.0212e-05,1.56964,2.84741,-13.8129,-1.81831,1.7449e+09
0.000301863,8.5,1.2331e-05,1.57051,2.85231,-13.8126,-1.81826,1.7449e+09
0.000928028,8.5,3.68794e-05,1.5699,2.85714,-13.8124,-1.81821,1.7449e+09
0.000954711,8.5,3.68069e-05,1.56988,2.86228,-13.8122,-1.81815,1.7449e+09
0.000912168,8.5,3.41594e-05,1.56992,2.86698,-13.812,-1.8181,1.7449e+09
0.00095017,8.5,3.44706e-05,1.56988,2.87204,-13.8118,-1.81805,1.7449e+09
0.00190394,8.5,6.71148e-05,1.56897,2.87646,-13.8116,-1.818,1.7449e+09
0.0006219,8.5,2.13012e-05,1.5702,2.88072,-13.8114,-1.81795,1.7449e+09
0.000591457,8.5,1.95432e-05,1.57023,2.88598,-13.8112,-1.8179,1.7449e+09
0.000835563,8.5,2.66628e-05,1.57,2.89093,-13.8111,-1.81785,1.7449e+09
0.000158225,8.5,4.86098e-06,1.57065,2.89603,-13.8109,-1.8178,1.7449e+09
0.00046661,8.5,1.37745e-05,1.57035,2.90122,-13.8107,-1.81774,1.7449e+09
0.0003483,8.5,9.84537e-06,1.57046,2.90669,-13.8105,-1.81769,1.7449e+09
0.000229614,8.5,6.26922e-06,1.57058,2.91091,-13.8105,-1.81765,1.7449e+09
0.000122764,8.5,3.22892e-06,1.57068,2.9153,-13.8104,-1.8176,1.7449e+09
0.00119827,8.5,3.02882e-05,1.56966,2.91984,-13.8103,-1.81756,1.7449e+09
0.000915808,8.5,2.22739e-05,1.56993,2.92403,-13.8102,-1.81752,1.7449e+09
0.000218584,8.5,5.10397e-06,1.57059,2.92832,-13.8102,-1.81748,1.7449e+09
0.000336292,8.5,7.5397e-06,1.57048,2.93241,-13.8101,-1.81744,1.7449e+09
0.000110268,8.5,2.37205e-06,1.57069,2.93639,-13.81,-1.81741,1.7449e+09
0.000218815,8.5,4.4354e-06,1.57059,2.94191,-13.81,-1.81736,1.7449e+09
0.000677205,8.5,1.04224e-05,1.57016,2.96306,-13.8094,-1.81715,1.7449e+09
0.000508446,8.5,7.40101e-06,1.57032,2.96667,-13.8093,-1.81711,1.7449e+09
0.000195068,8.5,2.68711e-06,1.57061,2.97009,-13.8092,-1.81708,1.7449e+09
0.000599243,8.5,7.86341e-06,1.57023,2.97287,-13.8092,-1.81705,1.7449e+09
0.000468407,8.5,5.77994e-06,1.57036,2.97607,-13.8089,-1.81701,1.7449e+09
0.000210124,8.5,2.45672e-06,1.5706,2.97862,-13.8087,-1.81698,1.7449e+09
0.000291804,8.5,3.19667e-06,1.57052,2.98156,-13.8084,-1.81694,1.7449e+09
0.000543475,8.5,5.49231e-06,1.57029,2.98493,-13.8081,-1.81689,1.7449e+09
0.000313898,8.5,2.89104e-06,1.5705,2.98851,-13.8078,-1.81684,1.7449e+09
0.000295713,8.5,2.59985e-06,1.57052,2.99015,-13.8076,-1.81682,1.7449e+09
0.000154861,8.5,1.26117e-06,1.57065,2.99288,-13.8075,-1.81679,1.7449e+09
0.000239411,8.5,1.82379e-06,1.57057,2.99512,-13.8074,-1.81677,1.7449e+09
0.000661814,8.5,4.66811e-06,1.57018,2.99758,-13.8073,-1.81674,1.7449e+09
0.000497706,8.5,3.23196e-06,1.57033,3.00016,-13.8074,-1.81673,1.7449e+09
0.000333231,8.5,2.05932e-06,1.57048,3.00161,-13.8074,-1.81672,1.7449e+09
0.00039363,8.5,2.19907e-06,1.57043,3.00435,-13.8075,-1.8167,1.7449e+09
0.000137536,8.5,7.3313e-07,1.57067,3.00555,-13.8075,-1.81669,1.7449e+09
0.00060218,8.5,2.78857e-06,1.57023,3.00878,-13.8076,-1.81666,1.7449e+09
0.00014666,8.5,6.27861e-07,1.57066,3.01042,-13.8077,-1.81665,1.7449e+09
0.000491403,8.5,1.7598e-06,1.57034,3.01365,-13.8077,-1.81663,1.7449e+09
0.000116457,8.5,3.79906e-07,1.57069,3.01511,-13.8078,-1.81662,1.7449e+09
0.000233787,8.5,6.43714e-07,1.57058,3.01744,-13.8078,-1.8166,1.7449e+09
0.000608626,8.5,1.34896e-06,1.57023,3.01987,-13.8078,-1.81658,1.7449e+09
0.000364674,8.5,6.47286e-07,1.57046,3.02187,-13.8078,-1.81656,1.7449e+09
0.000250423,8.5,3.31932e-07,1.57056,3.02388,-13.8078,-1.81655,1.7449e+09
0.000215086,8.5,1.87404e-07,1.5706,3.02592,-13.8078,-1.81653,1.7449e+09
0.000124697,8.5,5.98571e-08,1.57068,3.02768,-13.8078,-1.81652,1.7449e+09
0.000222888,8.5,3.80995e-08,1.57059,3.02904,-13.8078,-1.8165,1.7449e+09
0.000120607,8.5,-3.5138e-08,1.57068,3.03111,-13.8078,-1.81649,1.7449e+09
0.000234863,8.5,-1.60279e-07,1.57058,3.03288,-13.8078,-1.81647,1.7449e+09
0.00034469,8.5,-3.72151e-07,1.57048,3.03469,-13.8079,-1.81646,1.7449e+09
0.000421271,8.5,-5.9765e-07,1.5704,3.03619,-13.8079,-1.81645,1.7449e+09
0.000148912,8.5,-2.76925e-07,1.57066,3.03813,-13.8078,-1.81643,1.7449e+09
0.000300416,8.5,-6.98783e-07,1.57052,3.04019,-13.8078,-1.81641,1.7449e+09
6.56518e-05,8.5,-1.83722e-07,1.57074,3.04228,-13.8078,-1.81639,1.7449e+09
0.000249164,8.5,-8.0567e-07,1.57056,3.04419,-13.8078,-1.81637,1.7449e+09
0.000352026,8.5,-1.28027e-06,1.57047,3.04594,-13.8077,-1.81636,1.7449e+09
0.000290589,8.5,-1.15931e-06,1.57053,3.04747,-13.8077,-1.81634,1.7449e+09
8.74059e-05,8.5,-3.96723e-07,1.57072,3.04992,-13.8077,-1.81632,1.7449e+09
0.000127073,8.5,-6.21615e-07,1.57068,3.05145,-13.8077,-1.8163,1.7449e+09
0.000107534,8.5,-5.78295e-07,1.5707,3.05361,-13.8076,-1.81629,1.7449e+09
7.89319e-05,8.5,-4.5236e-07,1.57072,3.05515,-13.8076,-1.81627,1.7449e+09
0.000116802,8.5,-7.23519e-07,1.57069,3.05719,-13.8076,-1.81625,1.7449e+09
0.000142248,8.5,-9.47775e-07,1.57066,3.05926,-13.8076,-1.81623,1.7449e+09
0.000248339,8.5,-1.75342e-06,1.57057,3.06102,-13.8075,-1.81622,1.7449e+09
0.00075875,8.5,-5.65617e-06,1.57009,3.06272,-13.8075,-1.8162,1.7449e+09
0.000276107,8.5,-2.15758e-06,1.57054,3.0643,-13.8075,-1.81619,1.7449e+09
0.000141166,8.5,-1.17081e-06,1.57067,3.06642,-13.8075,-1.81617,1.7449e+09
0.000179314,8.5,-1.57234e-06,1.57063,3.06853,-13.8075,-1.81615,1.7449e+09
0.000153317,8.5,-1.39492e-06,1.57065,3.06996,-13.8074,-1.81614,1.7449e+09
0.000421599,8.5,-4.04697e-06,1.57041,3.07219,-13.8074,-1.81612,1.7449e+09
0.000443392,8.5,-4.40988e-06,1.57039,3.0737,-13.8074,-1.8161,1.7449e+09
0.000304138,8.5,-3.18206e-06,1.57052,3.07603,-13.8074,-1.81608,1.7449e+09
2.99599e-05,8.5,-3.23599e-07,1.57077,3.0775,-13.8074,-1.81607,1.7449e+09
0.000205243,8.5,-2.31686e-06,1.57061,3.07966,-13.8074,-1.81605,1.7449e+09
0.000183862,8.5,-2.16131e-06,1.57063,3.08172,-13.8073,-1.81603,1.7449e+09
0.00026366,8.5,-3.19732e-06,1.57055,3.08334,-13.8073,-1.81601,1.7449e+09
0.000316384,8.5,-3.98108e-06,1.5705,3.08537,-13.8073,-1.816,1.7449e+09
0.000408538,8.5,-5.3388e-06,1.57042,3.08753,-13.8073,-1.81598,1.7449e+09
5.8524e-05,8.5,-7.85939e-07,1.57074,3.0891,-13.8072,-1.81596,1.7449e+09
0.000108571,8.5,-1.49992e-06,1.5707,3.09079,-13.8072,-1.81595,1.7449e+09
0.000522177,8.5,-7.47619e-06,1.57031,3.09301,-13.8072,-1.81593,1.7449e+09
0.000247551,8.5,-3.62375e-06,1.57057,3.09439,-13.8071,-1.81591,1.7449e+09
0.000163975,8.5,-2.47611e-06,1.57065,3.09644,-13.8071,-1.81589,1.7449e+09
0.00062461,8.5,-9.64836e-06,1.57022,3.09795,-13.8071,-1.81588,1.7449e+09
0.000244707,8.5,-3.89907e-06,1.57057,3.10011,-13.8071,-1.81586,1.7449e+09
0.000466661,8.5,-7.64703e-06,1.57037,3.10211,-13.8071,-1.81584,1.7449e+09
0.000279997,8.5,-4.70355e-06,1.57054,3.10391,-13.807,-1.81582,1.7449e+09
0.000106426,8.5,-1.83144e-06,1.5707,3.10573,-13.807,-1.81581,1.7449e+09
0.000433431,8.5,-7.67599e-06,1.5704,3.10797,-13.807,-1.81579,1.7449e+09
0.000340701,8.5,-6.18824e-06,1.57048,3.10998,-13.807,-1.81577,1.7449e+09
0.000388263,8.5,-7.20452e-06,1.57044,3.11174,-13.807,-1.81576,1.7449e+09
0.000153884,8.5,-2.92167e-06,1.57065,3.11365,-13.807,-1.81574,1.7449e+09
0.000154251,8.5,-2.99337e-06,1.57065,3.1155,-13.8069,-1.81572,1.7449e+09
0.000329478,8.5,-6.52153e-06,1.57049,3.11721,-13.8069,-1.81571,1.7449e+09
7.53664e-05,8.5,-1.53387e-06,1.57073,3.11971,-13.8069,-1.81568,1.7449e+09
0.000410933,8.5,-8.52047e-06,1.57042,3.1214,-13.8069,-1.81567,1.7449e+09
7.35874e-05,8.5,-1.54852e-06,1.57073,3.12274,-13.8069,-1.81566,1.7449e+09
0.000251538,8.5,-5.42123e-06,1.57057,3.125,-13.8068,-1.81564,1.7449e+09
0.000739257,8.5,-1.62822e-05,1.57012,3.1271,-13.8068,-1.81562,1.7449e+09
0.000167433,8.5,-3.75066e-06,1.57064,3.12874,-13.8068,-1.8156,1.7449e+09
9.02737e-05,8.5,-2.05215e-06,1.57071,3.13019,-13.8068,-1.81559,1.7449e+09
0.00037138,8.5,-8.60456e-06,1.57046,3.13215,-13.8067,-1.81557,1.7449e+09
0.000224008,8.5,-5.29044e-06,1.57059,3.13412,-13.8067,-1.81555,1.7449e+09
9.20354e-05,8.5,-2.21156e-06,1.57071,3.13594,-13.8067,-1.81553,1.7449e+09
0.000206099,8.5,-5.02534e-06,1.57061,3.13748,-13.8066,-1.81552,1.7449e+09
0.000418112,8.5,-1.03685e-05,1.57041,3.13931,-13.8066,-1.8155,1.7449e+09
0.000733372,8.5,-1.85114e-05,1.57013,3.14127,-13.8066,-1.81548,1.7449e+09
1.24742e-05,8.5,-3.20343e-07,1.57078,3.14322,-13.8066,-1.81547,1.7449e+09
0.000188482,8.5,-4.91801e-06,1.57062,3.14508,-13.8066,-1.81545,1.7449e+09
6.58668e-05,8.5,-1.74189e-06,1.57074,3.14661,-13.8065,-1.81543,1.7449e+09
0.000385156,8.5,-1.03179e-05,1.57044,3.14812,-13.8065,-1.81542,1.7449e+09
0.000144431,8.5,-3.93894e-06,1.57066,3.15028,-13.8065,-1.8154,1.7449e+09
0.000400372,8.5,-1.11056e-05,1.57043,3.15236,-13.8065,-1.81538,1.7449e+09
0.000260344,8.5,-7.30793e-06,1.57056,3.1538,-13.8064,-1.81537,1.7449e+09
0.000141974,8.5,-4.04916e-06,1.57067,3.1558,-13.8064,-1.81535,1.7449e+09
0.000206924,8.5,-6.00253e-06,1.57061,3.15799,-13.8064,-1.81533,1.7449e+09
0.00023024,8.5,-6.77501e-06,1.57059,3.15983,-13.8064,-1.81531,1.7449e+09
0.000114479,8.5,-3.41734e-06,1.57069,3.16173,-13.8063,-1.8153,1.7449e+09
0.00041839,8.5,-1.26536e-05,1.57042,3.16347,-13.8063,-1.81528,1.7449e+09
0.000231056,8.5,-7.08912e-06,1.57059,3.16543,-13.8063,-1.81526,1.7449e+09
0.000732077,8.5,-2.27374e-05,1.57013,3.1671,-13.8063,-1.81525,1.7449e+09
0.000285638,8.5,-9.00893e-06,1.57054,3.16925,-13.8062,-1.81523,1.7449e+09
0.000397893,8.5,-1.26776e-05,1.57043,3.17066,-13.8062,-1.81521,1.7449e+09
0.000231421,8.5,-7.48846e-06,1.57059,3.17289,-13.8062,-1.81519,1.7449e+09
0.000215151,8.5,-7.03205e-06,1.5706,3.17431,-13.8062,-1.81518,1.7449e+09
0.000215708,8.5,-7.12701e-06,1.5706,3.1759,-13.8062,-1.81516,1.7449e+09
0.000333089,8.5,-1.11322e-05,1.57049,3.1776,-13.8061,-1.81515,1.7449e+09
0.00102925,8.5,-3.47059e-05,1.56986,3.17894,-13.8061,-1.81514,1.7449e+09
0.000590377,8.5,-2.00856e-05,1.57026,3.18027,-13.8061,-1.81512,1.7449e+09
0.000309263,8.5,-1.06568e-05,1.57052,3.18223,-13.8061,-1.81511,1.7449e+09
0.000894548,8.5,0.000125032,1.56985,2.37812,-13.8404,-1.8235,1.7449e+09
0.000430324,8.5,5.99968e-05,1.57034,2.3804,-13.8404,-1.82349,1.7449e+09
0.000388436,8.5,5.39925e-05,1.57038,2.38316,-13.8403,-1.82348,1.7449e+09
6.25882e-05,8.5,8.67822e-06,1.57073,2.38541,-13.8402,-1.82347,1.7449e+09
0.000724544,8.5,0.000100158,1.57003,2.38815,-13.8402,-1.82346,1.7449e+09
0.000258854,8.5,3.56992e-05,1.57052,2.39025,-13.8401,-1.82346,1.7449e+09
0.000321195,8.5,4.4211e-05,1.57046,2.39197,-13.8401,-1.82345,1.7449e+09
0.000806524,8.5,0.000110779,1.56994,2.39376,-13.84,-1.82344,1.7449e+09
0.000473065,8.5,6.48958e-05,1.5703,2.39462,-13.8399,-1.82342,1.7449e+09
0.000596312,8.5,8.11245e-05,1.57017,2.40084,-13.8393,-1.82334,1.7449e+09
0.00087664,8.5,0.000119001,1.56987,2.40245,-13.8391,-1.82332,1.7449e+09
0.00119234,8.5,0.000161501,1.56954,2.40407,-13.8389,-1.8233,1.7449e+09
0.000749853,8.5,0.000101346,1.57,2.40559,-13.8387,-1.82328,1.7449e+09
0.00142346,8.5,0.000191868,1.56929,2.40753,-13.8385,-1.82325,1.7449e+09
0.00115486,8.5,0.000155212,1.56958,2.40964,-13.8383,-1.82322,1.7449e+09
0.0015777,8.5,0.000211495,1.56913,2.41148,-13.8381,-1.8232,1.7449e+09
0.00160078,8.5,0.000213846,1.56911,2.41401,-13.8378,-1.82317,1.7449e+09
0.000166182,8.5,2.31807e-05,1.57062,2.37996,-13.8404,-1.82349,1.7449e+09
0.000962607,8.5,0.00013383,1.56977,2.38297,-13.8403,-1.82348,1.7449e+09
0.0006336,8.5,8.78006e-05,1.57012,2.38595,-13.8402,-1.82347,1.7449e+09
0.000779669,8.5,0.000107689,1.56997,2.38889,-13.8401,-1.82346,1.7449e+09
0.00015546,8.5,2.14156e-05,1.57063,2.39126,-13.8401,-1.82345,1.7449e+09
0.000449976,8.5,6.17999e-05,1.57032,2.39382,-13.84,-1.82344,1.7449e+09
0.000521322,8.5,7.14751e-05,1.57024,2.39503,-13.8398,-1.82342,1.7449e+09
0.000611796,8.5,8.36516e-05,1.57015,2.39709,-13.8396,-1.82339,1.7449e+09
0.00146117,8.5,0.000199153,1.56925,2.39948,-13.8394,-1.82336,1.7449e+09
0.000109782,8.5,-2.06336e-05,1.57075,13.7909,-12.4283,-1.36388,1.7449e+09
0.000105714,8.5,-1.9869e-05,1.57075,13.7909,-12.4283,-1.36389,1.7449e+09
8.34145e-05,8.5,-1.56777e-05,1.57076,13.791,-12.4283,-1.3639,1.7449e+09
4.74897e-05,8.5,-8.92559e-06,1.57078,13.791,-12.4284,-1.36391,1.7449e+09
0.000100409,8.5,-1.88717e-05,1.57076,13.791,-12.4284,-1.36391,1.7449e+09
8.41367e-05,8.5,-1.58133e-05,1.57076,13.791,-12.4284,-1.36392,1.7449e+09
7.2609e-05,8.5,-1.36467e-05,1.57077,13.791,-12.4285,-1.36393,1.7449e+09
6.35483e-05,8.5,-1.19437e-05,1.57077,13.791,-12.4285,-1.36394,1.7449e+09
7.54691e-05,8.5,-1.41851e-05,1.57077,13.7906,-12.4277,-1.36375,1.7449e+09
0.000182642,8.5,-3.43294e-05,1.57072,13.7906,-12.4278,-1.36377,1.7449e+09
0.000177111,8.5,-3.32896e-05,1.57072,13.7907,-12.4279,-1.36379,1.7449e+09
0.000165916,8.5,-3.11851e-05,1.57073,13.7907,-12.4279,-1.3638,1.7449e+09
0.000139532,8.5,-2.62259e-05,1.57074,13.7908,-12.428,-1.36382,1.7449e+09
0.00014542,8.5,-2.73326e-05,1.57074,13.7908,-12.4281,-1.36384,1.7449e+09
0.000129504,8.5,-2.4341e-05,1.57074,13.7908,-12.4281,-1.36385,1.7449e+09
0.000120404,8.5,-2.26303e-05,1.57075,13.7908,-12.4282,-1.36386,1.7449e+09
0.000108424,8.5,-2.03785e-05,1.57075,13.7909,-12.4282,-1.36387,1.7449e+09
0.00011155,8.5,-2.0966e-05,1.57075,13.7909,-12.4283,-1.36389,1.7449e+09
9.67365e-05,8.5,-1.81816e-05,1.57076,13.7909,-12.4283,-1.3639,1.7449e+09
6.05114e-05,8.5,-1.1373e-05,1.57077,13.791,-12.4284,-1.36391,1.7449e+09
7.59811e-05,8.5,-1.42804e-05,1.57077,13.7911,-12.4285,-1.36395,1.7449e+09
5.45152e-05,8.5,-1.02459e-05,1.57077,13.7911,-12.4286,-1.36396,1.7449e+09
5.11621e-05,8.5,-9.61562e-06,1.57078,13.7911,-12.4286,-1.36396,1.7449e+09
4.59142e-05,8.5,-8.62926e-06,1.57078,13.7911,-12.4286,-1.36397,1.7449e+09
3.7099e-05,8.5,-6.97251e-06,1.57078,13.7911,-12.4287,-1.36398,1.7449e+09
4.50687e-05,8.5,-8.47031e-06,1.57078,13.7912,-12.4287,-1.36398,1.7449e+09
5.14976e-05,8.5,-9.67857e-06,1.57078,13.7912,-12.4287,-1.36399,1.7449e+09
3.60678e-05,8.5,-6.77864e-06,1.57078,13.7912,-12.4287,-1.36399,1.7449e+09
2.50993e-05,8.5,-4.71721e-06,1.57079,13.7912,-12.4287,-1.364,1.7449e+09
1.62347e-05,8.5,-3.05117e-06,1.57079,13.7912,-12.4288,-1.364,1.7449e+09
2.48488e-05,8.5,-4.67011e-06,1.57079,13.7912,-12.4288,-1.364,1.7449e+09
1.12946e-05,8.5,-2.12273e-06,1.57079,13.7912,-12.4288,-1.36401,1.7449e+09
2.04028e-05,8.5,-3.83452e-06,1.57079,13.7912,-12.4288,-1.36401,1.7449e+09
2.16526e-05,8.5,-4.06941e-06,1.57079,13.7912,-12.4288,-1.36401,1.7449e+09
1.02992e-05,8.5,-1.93563e-06,1.57079,13.7912,-12.4288,-1.36402,1.7449e+09
4.1141e-05,8.5,-7.73205e-06,1.57078,13.7912,-12.4288,-1.36402,1.7449e+09
8.75328e-06,8.5,-1.6451e-06,1.57079,13.7912,-12.4288,-1.36402,1.7449e+09
0.000120845,8.5,-2.3569e-05,1.57075,13.6721,-12.4353,-1.36996,1.7449e+09
0.00010121,8.5,-1.97396e-05,1.57075,13.6721,-12.4353,-1.36998,1.7449e+09
9.16115e-05,8.5,-1.78676e-05,1.57076,13.6721,-12.4354,-1.36999,1.7449e+09
8.35152e-05,8.5,-1.62885e-05,1.57076,13.6721,-12.4354,-1.37001,1.7449e+09
7.66938e-05,8.5,-1.49582e-05,1.57076,13.6721,-12.4355,-1.37002,1.7449e+09
6.61612e-05,8.5,-1.29039e-05,1.57077,13.6721,-12.4355,-1.37003,1.7449e+09
6.22034e-05,8.5,-1.21321e-05,1.57077,13.6721,-12.4356,-1.37004,1.7449e+09
3.08059e-05,8.5,-6.00803e-06,1.57078,13.6723,-12.4355,-1.37003,1.7449e+09
5.13164e-05,8.5,-1.00079e-05,1.57078,13.6724,-12.4355,-1.37003,1.7449e+09
1.81116,8.5,0.308943,-0.0961652,-1.61529,-12.0435,-1.46061,1.7449e+09
4.52941,8.5,0.41229,-0.0178412,-0.997459,-10.0249,-1.54166,1.7449e+09
7.10495,8.5,1.01562,-0.0191653,-1.21235,-6.28685,-1.66383,1.7449e+09
8.20206,8.5,0.595355,-0.0576817,-2.91435,-1.25132,-1.8962,1.7449e+09
1.2902,8.5,0.0111009,-0.00570487,-2.48822,-13.6341,-1.882,1.7449e+09
3.3144,8.5,0.570152,-0.108238,-2.18156,-12.4277,-1.93096,1.7449e+09
5.48923,8.5,0.178411,-0.00508625,-0.2679,-10.0561,-1.90856,1.7449e+09
7.66567,8.5,1.03817,-0.0165963,-0.784415,-6.35936,-1.96721,1.7449e+09
8.23479,8.5,1.11166,-0.0498075,-2.27696,-2.33985,-2.09141,1.7449e+09
8.37843,8.5,1.5557,-0.0398106,-1.58996,2.1465,-2.23887,1.7449e+09
0.767145,8.5,-0.0960507,0.502427,-0.45279,-13.7819,-1.84194,1.7449e+09
2.14021,8.5,-0.21641,0.0423353,-1.769,-13.3525,-1.90336,1.7449e+09
3.47878,8.5,0.325303,-0.129763,-2.71225,-12.5057,-1.9476,1.7449e+09
4.74409,8.5,0.187788,-0.00718297,-0.245724,-11.2687,-1.9584,1.7449e+09
5.97096,8.5,0.547697,-0.0136474,-0.501928,-9.65933,-1.97792,1.7449e+09
7.06758,8.5,0.864319,-0.0159205,-0.642341,-7.83195,-2.013,1.7449e+09
7.9139,8.5,1.06589,-0.0159666,-0.693744,-6.02945,-2.03623,1.7449e+09
8.29575,8.5,1.5657,-0.0254264,-1.13024,-3.75492,-2.07891,1.7449e+09
8.4462,8.5,1.68853,-0.0323826,-1.4141,-1.23781,-2.13369,1.7449e+09
0.720703,8.5,-0.0650322,0.565235,-0.259756,-13.7655,-1.84168,1.7449e+09
1.87395,8.5,-0.12666,0.0314548,-2.13262,-13.4116,-1.88942,1.7449e+09
2.94891,8.5,0.0181811,-0.00178829,-2.51077,-12.7582,-1.91755,1.7449e+09
3.94937,8.5,-0.179506,0.00992865,0.144146,-11.8629,-1.92296,1.7449e+09
5.20203,8.5,0.0421283,-0.00133174,-0.130863,-10.4885,-1.92038,1.7449e+09
0.498383,8.5,0.0765284,0.942851,0.951236,-13.817,-1.8295,1.74491e+09
1.66217,8.5,0.0890469,-0.0278973,-2.86814,-13.5108,-1.87716,1.74491e+09
2.82944,8.5,-0.107078,0.0115075,-2.4972,-12.8356,-1.90281,1.74491e+09
3.65175,8.5,0.511947,-0.0363644,-0.860811,-12.1568,-1.92347,1.74491e+09
4.92052,8.5,0.0390273,-0.0013789,-0.134405,-10.8685,-1.91589,1.74491e+09
6.13308,8.5,0.246628,-0.00564578,-0.281279,-9.20703,-1.93229,1.74491e+09
7.30153,8.5,0.993368,-0.0175224,-0.796094,-7.18829,-1.96047,1.74491e+09
8.09197,8.5,1.54876,-0.0269705,-1.26491,-4.94011,-2.009,1.74491e+09
8.37953,8.5,1.66738,-0.0299902,-1.391,-2.88007,-2.05901,1.74491e+09
8.49577,8.5,1.69878,-0.031186,-1.38364,-0.688,-2.11794,1.74491e+09
8.52232,8.5,1.70381,-0.0309581,-1.29945,1.3521,-2.16441,1.74491e+09
8.54988,8.5,1.60018,-0.0386056,-1.58321,3.57156,-2.22119,1.74491e+09
8.49134,8.5,1.45422,-0.0425379,-1.64953,5.53031,-2.27915,1.74491e+09
8.51195,8.5,1.10694,-0.0488503,-1.82226,7.65554,-2.34519,1.74491e+09
8.48902,8.5,1.02615,-0.0501641,-1.74577,9.43953,-2.39835,1.74491e+09
8.49493,8.5,1.35744,-0.0445778,-1.324,11.3062,-2.44675,1.74491e+09
8.49258,8.5,1.4166,-0.0433695,-1.11269,13.2613,-2.48659,1.74491e+09
8.4939,8.5,1.53449,-0.0405298,-0.81956,15.2152,-2.51685,1.74491e+09
8.48502,8.5,1.68968,-0.0297783,-0.160375,17.0831,-2.52704,1.74491e+09
8.50479,8.5,1.67077,-0.0353649,-0.262225,19.3757,-2.53907,1.74491e+09
8.49485,8.5,1.34415,-0.044837,-0.522853,21.4156,-2.55353,1.74491e+09
8.49934,8.5,1.49208,-0.0416324,-0.104299,23.5402,-2.56504,1.74491e+09
8.50796,8.5,0.956219,-0.0510997,-0.253411,25.6661,-2.57356,1.74491e+09
8.50257,8.5,0.676257,-0.0548946,-0.0375874,27.7908,-2.57471,1.74491e+09
7.95528,5,0.992279,-0.0530008,0.68956,29.881,-2.55825,1.74491e+09
6.87763,5,1.27375,-0.0486437,1.61719,31.8065,-2.51191,1.74491e+09
5.9516,5,0.903065,-0.0247461,2.94321,33.3422,-2.44273,1.74491e+09
5.26512,5,0.315319,-0.00987882,3.56755,34.7836,-2.35303,1.74491e+09
5.01639,5,0.237219,-0.00813881,3.69109,35.9586,-2.27763,1.74491e+09
4.92275,5,-0.32132,0.225452,3.73858,37.3948,-2.18312,1.74491e+09
4.926,5,-0.882121,0.038495,-2.0712,38.4738,-2.2096,1.74491e+09
4.97108,5,0.994207,-0.0541308,-4.18056,39.9054,-2.32732,1.74491e+09
4.8034,5,0.942987,0.944095,-4.23956,41.3423,-2.41901,1.74491e+09
4.6649,5,0.406849,0.94589,-13.6868,42.3547,-2.65325,1.74491e+09
4.88265,5,-0.974032,1.03985,-30.0602,43.4943,-3.24869,1.74491e+09
4.98846,5,-0.895913,0.947663,-44.3009,44.3248,-4.01831,1.74491e+09
4.97011,5,0.585996,0.761376,-61.627,45.021,-5.16741,1.74491e+09
5.11249,8.5,0.577924,0.493801,-74.8005,45.3484,-6.26158,1.74491e+09
5.67134,8.5,-0.273922,0.0871331,-88.5034,45.4918,-7.37882,1.74491e+09
6.70405,8.5,1.33826,-0.0416213,-92.9219,45.3911,-9.04498,1.74491e+09
7.56235,8.5,1.43706,-0.0426664,-93.0328,45.2823,-10.6118,1.74491e+09
8.47585,8.5,1.20547,-0.0473842,-93.2732,45.1303,-13.0318,1.74491e+09
0.540497,8.5,0.0727025,0.886844,0.849099,-13.8053,-1.83269,1.74491e+09
1.452,8.5,0.266781,-0.136339,-3.60611,-13.5672,-1.88512,1.74491e+09
2.72694,8.5,-0.0568493,0.00654983,-2.35876,-12.9363,-1.91078,1.74491e+09
3.89454,8.5,0.0604917,-0.00341423,-0.157269,-11.942,-1.9279,1.74491e+09
5.13613,8.5,-0.185361,0.00604228,0.0825231,-10.5858,-1.91267,1.74491e+09
6.30683,8.5,0.27011,-0.00585278,-0.306618,-8.92393,-1.92246,1.74491e+09
7.1142,8.5,0.64546,-0.0113197,-0.537193,-7.51294,-1.94498,1.74491e+09
7.95745,8.5,1.35866,-0.0219855,-1.04666,-5.69789,-1.98117,1.74491e+09
8.35226,8.5,1.55761,-0.0245907,-1.17189,-3.56857,-2.02224,1.74491e+09
8.50367,8.5,1.69802,-0.0304445,-1.41072,-1.28867,-2.0746,1.74491e+09
8.5321,8.5,1.69907,-0.0296163,-1.30368,0.671459,-2.11962,1.74491e+09
8.54312,8.5,1.70862,-0.0314702,-1.31383,2.80541,-2.16797,1.74491e+09
8.52521,8.5,1.662,-0.0360114,-1.43246,4.93642,-2.22247,1.74491e+09
8.49514,8.5,1.67398,-0.0350687,-1.26397,7.23307,-2.27381,1.74491e+09
8.49732,8.5,1.6243,-0.0376029,-1.2743,9.18684,-2.32001,1.74491e+09
8.48603,8.5,1.60152,-0.038435,-1.17597,11.3936,-2.3656,1.74491e+09
8.50629,8.5,1.67167,-0.0353208,-0.898239,13.4334,-2.39849,1.74491e+09
8.52368,8.5,1.67373,-0.0276778,-0.39033,15.732,-2.41913,1.74491e+09
8.49045,8.5,1.61363,-0.0379995,-0.752123,17.6865,-2.44223,1.74491e+09
8.47472,8.5,1.68497,-0.0338761,-0.372018,19.8921,-2.45889,1.74491e+09
8.5012,8.5,1.69842,-0.0325185,-0.143526,21.9286,-2.46486,1.74491e+09
8.49446,8.5,1.54802,-0.0401496,-0.33511,23.7135,-2.47208,1.74491e+09
8.50532,8.5,1.25495,-0.0464457,-0.293533,26.1794,-2.48705,1.74491e+09
8.49796,5,1.46191,-0.0423539,0.343465,28.7313,-2.48205,1.74491e+09
7.36631,5,0.878137,-0.0580353,0.513068,31.1316,-2.46727,1.74491e+09
6.25775,5,1.21707,-0.0364836,2.06246,33.0354,-2.41352,1.74491e+09
5.51855,5,0.680709,-0.0205953,2.86998,34.3227,-2.35068,1.74491e+09
5.09752,5,0.390698,-0.0131954,3.26384,35.8493,-2.26529,1.74491e+09
4.98796,5,0.229033,-0.00794341,3.49535,36.9553,-2.19834,1.74491e+09
4.93108,5,-0.730219,0.0289092,-2.31895,38.385,-2.20725,1.74491e+09
4.97181,5,0.909601,-0.0397081,-3.83234,39.8684,-2.32082,1.74491e+09
4.74038,5,0.947734,0.948866,-4.51215,41.3526,-2.41654,1.74491e+09
4.70425,5,-0.231222,0.907992,-19.9975,42.715,-2.83005,1.74491e+09
4.90816,5,-0.819744,0.999957,-37.4874,43.9068,-3.65215,1.74491e+09
4.97753,5,0.934757,0.855507,-54.4374,44.8309,-4.7977,1.74491e+09
5.06567,8.5,0.835549,0.506829,-74.4418,45.3561,-6.17581,1.74491e+09
5.93722,8.5,0.051329,-0.0889798,-94.486,45.474,-7.79603,1.74491e+09
7.12419,8.5,1.1351,-0.0221251,-92.1471,45.3416,-9.75316,1.74491e+09
8.21832,8.5,1.59197,-0.0274488,-92.3861,45.2157,-12.0529,1.74491e+09
8.59159,8.5,1.69559,-0.0344942,-92.6358,45.0962,-14.5903,1.74491e+09
8.62593,8.5,1.64148,-0.0373252,-92.6041,44.9839,-17.1757,1.74491e+09
8.58156,8.5,1.58132,-0.0392382,-92.4405,44.8642,-19.7543,1.74491e+09
8.54923,8.5,1.51335,-0.0410805,-92.248,44.7587,-22.3204,1.74491e+09
8.51558,8.5,1.49106,-0.0416478,-91.9604,44.6702,-24.8782,1.74491e+09
8.50733,8.5,1.03386,-0.0499751,-91.9345,44.5809,-27.4311,1.74491e+09
7.87713,5,1.2467,-0.0483413,-91.1857,44.5214,-29.9372,1.74491e+09
6.63948,5,1.32191,-0.0428812,-90.1658,44.5,-32.1121,1.74491e+09
5.88501,5,1.01418,-0.0301732,-89.3476,44.5115,-33.3631,1.74491e+09
5.2167,5,0.599469,-0.0200653,-88.75,44.5423,-34.9002,1.74491e+09
5.00788,5,0.468423,-0.0166203,-88.4958,44.5757,-36.1734,1.74491e+09
4.76401,5,0.940736,-0.626053,-86.36,44.6387,-37.506,1.74491e+09
4.86475,5,-0.0628046,-0.320657,-72.4664,44.9968,-38.8802,1.74491e+09
0.726659,8.5,-0.0512554,0.579446,-0.157474,-13.7887,-1.84011,1.74491e+09
1.8924,8.5,-0.0693699,0.0166587,-2.14413,-13.456,-1.89728,1.74491e+09
2.97779,8.5,0.0897502,-0.00868892,-2.42491,-12.8696,-1.92416,1.74491e+09
4.28942,8.5,-0.0160097,0.000744194,-0.0291013,-11.7773,-1.95684,1.74491e+09
5.53647,8.5,0.192014,-0.00538439,-0.219673,-10.3012,-1.96016,1.74491e+09
6.57304,8.5,0.241567,-0.00480894,-0.218544,-8.72485,-1.97131,1.74491e+09
7.50612,8.5,1.17708,-0.0205321,-0.905131,-7.03428,-1.99678,1.74491e+09
8.20449,8.5,1.63472,-0.0345388,-1.57682,-4.6595,-2.06299,1.74491e+09
8.42993,8.5,1.68559,-0.032298,-1.42454,-2.40998,-2.12439,1.74491e+09
8.51004,8.5,1.70086,-0.0322926,-1.36808,-0.46125,-2.16904,1.74491e+09
8.52727,8.5,1.61988,-0.0378634,-1.53909,1.83838,-2.233,1.74491e+09
8.55246,8.5,1.70487,-0.03302,-1.21233,3.79927,-2.27773,1.74491e+09
8.50945,8.5,1.66326,-0.0358429,-1.25045,5.7568,-2.31904,1.74491e+09
8.50699,8.5,1.63615,-0.0371452,-1.1848,8.0536,-2.37015,1.74491e+09
8.4756,8.5,1.59692,-0.038576,-1.11843,10.1776,-2.41352,1.74491e+09
8.49136,8.5,1.52019,-0.0409164,-1.0854,12.2994,-2.4581,1.74491e+09
8.499,8.5,1.67417,-0.0350914,-0.646858,14.5086,-2.48848,1.74491e+09
8.49683,8.5,1.58932,-0.0388775,-0.687359,16.5492,-2.50977,1.74491e+09
8.50979,8.5,1.67393,-0.0352049,-0.335749,18.6741,-2.52744,1.74491e+09
8.48968,8.5,1.46925,-0.0421899,-0.470974,20.7987,-2.54467,1.74491e+09
8.49403,8.5,1.40542,-0.0436047,-0.271565,23.0941,-2.55957,1.74491e+09
8.50153,8.5,1.42276,-0.0432236,-0.00337568,25.0489,-2.56048,1.74491e+09
8.52905,8.5,1.43194,-0.0429859,0.34981,27.3446,-2.55147,1.74491e+09
8.27691,5,1.39292,-0.0442176,0.693508,29.2943,-2.53018,1.74491e+09
7.12672,5,1.40509,-0.0336322,1.78802,31.371,-2.48093,1.74491e+09
6.23014,5,0.929423,-0.0231086,2.51446,32.9044,-2.41613,1.74491e+09
5.36592,5,0.564415,-0.0176507,2.95217,34.5097,-2.33637,1.74491e+09
5.08638,5,0.5142,-0.0178179,3.0923,35.6528,-2.27519,1.74491e+09
4.97048,5,0.145685,0.207711,3.48281,37.0546,-2.19204,1.74491e+09
4.88221,5,0.205879,0.116902,0.00471211,38.1381,-2.1745,1.74491e+09
4.97719,5,0.98703,-0.0583755,-4.59989,39.469,-2.28574,1.74491e+09
5.00523,5,0.831354,-0.0334743,-3.56648,40.6143,-2.36061,1.74491e+09
4.78886,5,0.781267,0.938126,-9.9131,41.9637,-2.53423,1.74491e+09
4.74448,5,0.666659,0.892442,-22.9994,42.921,-2.92872,1.74491e+09
4.94071,5,0.637345,0.973427,-41.0963,44.023,-3.7996,1.74491e+09
5.00215,5,0.813428,0.864508,-53.1785,44.656,-4.62763,1.74491e+09
5.00344,8.5,-0.167626,0.629341,-69.0076,45.1913,-5.85526,1.74491e+09
5.47364,8.5,-0.452103,0.084632,-88.5248,45.4086,-7.03031,1.74491e+09
6.51247,8.5,0.61867,-0.0693746,-93.7988,45.3256,-8.643,1.74491e+09
7.38444,8.5,0.990048,-0.0170153,-91.7891,45.2431,-10.2407,1.74491e+09
8.27789,8.5,1.65466,-0.0317542,-92.4796,45.1503,-12.3669,1.74491e+09
8.59723,8.5,1.49019,-0.0416093,-92.877,45.048,-14.3165,1.74491e+09
8.6304,8.5,1.63262,-0.0376579,-92.4886,44.9341,-16.9064,1.74491e+09
8.60133,8.5,1.55998,-0.0398594,-92.3679,44.8291,-19.3177,1.74491e+09
8.55184,8.5,1.38776,-0.0438642,-92.3512,44.7505,-21.2018,1.74491e+09
8.51952,8.5,1.65125,-0.0365177,-91.7328,44.6753,-23.5071,1.74491e+09
8.49786,8.5,1.67103,-0.0352902,-91.4619,44.6267,-25.3812,1.74491e+09
8.50551,8.5,1.60857,-0.0382256,-91.3768,44.5838,-27.0814,1.74491e+09
8.2454,5,1.4191,-0.0436339,-91.2936,44.5457,-28.8581,1.74491e+09
7.17349,5,1.42072,-0.040756,-90.5484,44.5181,-30.7836,1.74491e+09
6.20192,5,0.91033,-0.022722,-89.4717,44.5277,-32.4532,1.74491e+09
5.36788,5,0.347146,-0.0104915,-88.8911,44.5557,-34.001,1.74491e+09
5.07169,5,0.417197,-0.0142942,-88.9086,44.5795,-35.1957,1.74491e+09
4.95278,5,0.282896,-0.0100017,-88.6645,44.6105,-36.5946,1.74491e+09
4.82839,5,0.850296,-0.626999,-86.2897,44.6657,-37.6708,1.74491e+09
4.75408,5,0.89553,-0.475914,-77.5074,44.8599,-38.6018,1.74491e+09
4.9726,5,-0.337037,-0.11931,-65.726,45.2708,-39.535,1.74491e+09
4.98939,5,0.55073,-0.57885,-60.7962,45.9443,-40.7248,1.74491e+09
4.97502,5,0.693828,-0.426535,-52.0081,46.6517,-41.6801,1.74491e+09
5.08685,5,0.646578,-0.0231526,-38.6976,47.7156,-42.5894,1.74491e+09
4.89906,5,-0.429099,-0.799766,-32.5487,48.8425,-43.3492,1.74491e+09
4.93849,5,0.157833,-0.573833,-20.1604,49.9764,-43.7981,1.74491e+09
5.41896,8.5,0.618725,-0.0797867,-3.53108,51.3703,-43.9692,1.74491e+09
6.55896,8.5,-1.23207,0.0318114,0.166326,53.0479,-43.9469,1.74491e+09
7.38492,8.5,0.824116,-0.0137088,-1.62205,54.5795,-43.9961,1.74491e+09
